date,protocol,chain,protocol_version,pool_name,token_1,token_1_balance,token_1_value_USD,token_2,token_2_balance,token_2_value_USD,token_3,token_3_balance,token_4,token_4_balance,daily_revenue,TVL,ideal,%1,error 1,%2,MA
2021-09-01,Trader Joe,Avalanche,V1,USDC.e/WAVAX,USDC.e,19878230.302993,,WAVAX,469793.54026253306,,,,,,,39788708.03742312,,0.4995947665427238,-0.00040523345727622173,0.011807207708796941,
2021-09-02,Trader Joe,Avalanche,V1,USDC.e/WAVAX,USDC.e,21148808.498224,,WAVAX,442983.10726878286,,,,,,,42278906.42663491,,0.5002212754703763,0.00022127547037631423,0.010477638726003375,
2021-09-03,Trader Joe,Avalanche,V1,USDC.e/WAVAX,USDC.e,19833437.333819,,WAVAX,434782.7889003011,,,,,,,39774521.16019439,,0.4986467908422726,-0.0013532091577274086,0.010931188515109611,
2021-09-04,Trader Joe,Avalanche,V1,USDC.e/WAVAX,USDC.e,19674281.176418,,WAVAX,415840.40516645706,,,,,,,39339384.05671018,,0.5001166553105227,0.0001166553105227397,0.010570587596567274,
2021-09-05,Trader Joe,Avalanche,V1,USDC.e/WAVAX,USDC.e,19876413.326848,,WAVAX,413268.94016753417,,,,,,,39815177.81960828,,0.4992169924972485,-0.0007830075027515093,0.010379683397119137,
2021-09-06,Trader Joe,Avalanche,V1,USDC.e/WAVAX,USDC.e,19346844.523612,,WAVAX,410501.2865509497,,,,,,,38588940.42193149,,0.5013572363499385,0.001357236349938451,0.010637796271743365,
2021-09-07,Trader Joe,Avalanche,V1,USDC.e/WAVAX,USDC.e,17043001.808363,,WAVAX,451312.0380457887,,,,,,,34002589.10672148,,0.5012265905655406,0.0012265905655406417,0.013272872740051884,0.500054329654089
2021-09-08,Trader Joe,Avalanche,V1,USDC.e/WAVAX,USDC.e,16947449.017234,,WAVAX,459157.7306373977,,,,,,,33815099.518313654,,0.5011799243132662,0.0011799243132661896,0.013578482310505284,0.5002807807641665
2021-09-10,Trader Joe,Avalanche,V1,USDC.e/WAVAX,USDC.e,20128572.122797,,WAVAX,413166.0213826984,,,,,,,40193080.99638948,,0.5007969437477345,0.0007969437477345354,0.010279530982454738,0.5003630190895033
2021-09-11,Trader Joe,Avalanche,V1,USDC.e/WAVAX,USDC.e,22005423.511794,,WAVAX,383286.923035636,,,,,,,44012071.70379103,,0.4999860869966396,-1.3913003360399578e-05,0.00870867714692515,0.5005543471115558
2021-09-12,Trader Joe,Avalanche,V1,USDC.e/WAVAX,USDC.e,26942157.752728,,WAVAX,451383.7796641852,,,,,,,53806560.671053536,,0.5007225404619133,0.0007225404619133347,0.008389010076739905,0.500640902133183
2021-09-13,Trader Joe,Avalanche,V1,USDC.e/WAVAX,USDC.e,24621342.798456,,WAVAX,462023.1031596752,,,,,,,49220155.70301899,,0.5002288685760051,0.00022886857600512567,0.009386867972287546,0.5007854558587197
2021-09-14,Trader Joe,Avalanche,V1,USDC.e/WAVAX,USDC.e,23741050.913707,,WAVAX,461821.1989950043,,,,,,,47537181.54390079,,0.49942066699478255,-0.0005793330052174528,0.00971494699509079,0.5005088030936974
2021-09-15,Trader Joe,Avalanche,V1,USDC.e/WAVAX,USDC.e,22747926.225123,,WAVAX,394061.233392932,,,,,,,45412562.489875644,,0.5009170365621729,0.0009170365621729015,0.008677361764837311,0.5004645810932163
2021-09-16,Trader Joe,Avalanche,V1,USDC.e/WAVAX,USDC.e,26558287.037892,,WAVAX,394113.1933903348,,,,,,,53088177.16165392,,0.5002674504536444,0.00026745045364440223,0.007423746951986258,0.5003342276846989
2021-09-17,Trader Joe,Avalanche,V1,USDC.e/WAVAX,USDC.e,27811525.656065,,WAVAX,396727.26035680645,,,,,,,55616272.47101963,,0.5000609429651537,6.094296515368747e-05,0.007133294676724909,0.5002290847157588
2021-09-18,Trader Joe,Avalanche,V1,USDC.e/WAVAX,USDC.e,31210489.029799,,WAVAX,451895.6001523815,,,,,,,62269556.24724633,,0.5012158574870073,0.0012158574870072547,0.007257087209006169,0.5004047662143828
2021-09-20,Trader Joe,Avalanche,V1,USDC.e/WAVAX,USDC.e,41215056.160259,,WAVAX,720945.9769481967,,,,,,,82443921.43568733,,0.49991625146566987,-8.37485343301303e-05,0.008744683227017417,0.5002895820720623
2021-09-21,Trader Joe,Avalanche,V1,USDC.e/WAVAX,USDC.e,46748005.533776,,WAVAX,793823.4861342298,,,,,,,93545997.53022994,,0.4997328241506977,-0.00026717584930230354,0.008485916095744247,0.5002187185827326
2021-09-22,Trader Joe,Avalanche,V1,USDC.e/WAVAX,USDC.e,55508331.09921,,WAVAX,754935.6773254591,,,,,,,110938435.2487234,,0.5003525691953434,0.0003525691953434329,0.006804996623874288,0.500351847468527
2021-09-23,Trader Joe,Avalanche,V1,USDC.e/WAVAX,USDC.e,58494104.988498,,WAVAX,766519.3683108682,,,,,,,116998751.95665953,,0.49995494832428883,-4.505167571117186e-05,0.006551517477680566,0.5002144062916865
2021-09-24,Trader Joe,Avalanche,V1,USDC.e/WAVAX,USDC.e,90408104.90789,,WAVAX,1248270.340118565,,,,,,,181001672.1676669,,0.49948767779417225,-0.0005123222058277532,0.006896457503233766,0.5001030101974762
2021-09-25,Trader Joe,Avalanche,V1,USDC.e/WAVAX,USDC.e,87238742.26292,,WAVAX,1273649.6468125004,,,,,,,174479687.83794355,,0.49999368604984673,-6.31395015326941e-06,0.007299701544603084,0.500093402066718
2021-09-26,Trader Joe,Avalanche,V1,USDC.e/WAVAX,USDC.e,86135026.928329,,WAVAX,1286710.8835877555,,,,,,,172237815.1701452,,0.5000935877132467,9.358771324674553e-05,0.007470548104181869,0.49993307781332363
2021-09-27,Trader Joe,Avalanche,V1,USDC.e/WAVAX,USDC.e,85181821.463634,,WAVAX,1279180.5893946548,,,,,,,170259230.3739675,,0.5003066281724379,0.00030662817243787277,0.007513135038758172,0.49998884591429044
2021-09-29,Trader Joe,Avalanche,V1,USDC.e/WAVAX,USDC.e,88446649.928676,,WAVAX,1357495.3853970305,,,,,,,177070484.12242755,,0.49949967871281964,-0.0005003212871803608,0.007666412570818129,0.49995553942316506
2021-09-30,Trader Joe,Avalanche,V1,USDC.e/WAVAX,USDC.e,90786382.508267,,WAVAX,1370068.6875771307,,,,,,,182020003.94543347,,0.4987714566552983,-0.0012285433447016825,0.007527022623226919,0.4997296662031586
2021-10-01,Trader Joe,Avalanche,V1,USDC.e/WAVAX,USDC.e,92152897.827846,,WAVAX,1365903.321856598,,,,,,,184288926.94799465,,0.5000457670137233,4.576701372327463e-05,0.007411749281290506,0.4997426403016493
2021-10-02,Trader Joe,Avalanche,V1,USDC.e/WAVAX,USDC.e,95207966.05738,,WAVAX,1374331.0500825911,,,,,,,190414140.0000352,,0.5000047058341487,4.705834148688304e-06,0.007217589250894587,0.4998165014502173
2021-10-03,Trader Joe,Avalanche,V1,USDC.e/WAVAX,USDC.e,94088407.629607,,WAVAX,1370831.733364446,,,,,,,188203084.09282863,,0.49993021146879385,-6.97885312061497e-05,0.0072837899547294445,0.499807433652924
2021-10-04,Trader Joe,Avalanche,V1,USDC.e/WAVAX,USDC.e,90843325.711155,,WAVAX,1393218.9007196685,,,,,,,181715621.02837905,,0.49992028861936827,-7.971138063173067e-05,0.007667028804871351,0.49978267663951287
2021-10-05,Trader Joe,Avalanche,V1,USDC.e/WAVAX,USDC.e,86439619.470444,,WAVAX,1330874.7582894957,,,,,,,172559911.8316378,,0.5009252644657172,0.0009252644657171682,0.007712537310450155,0.4998710532528384
2021-10-06,Trader Joe,Avalanche,V1,USDC.e/WAVAX,USDC.e,81581006.076768,,WAVAX,1355637.3649536946,,,,,,,162917918.99866924,,0.5007491292436308,0.0007491292436307972,0.008320983801448923,0.5000495461858115
2021-10-07,Trader Joe,Avalanche,V1,USDC.e/WAVAX,USDC.e,81661203.664354,,WAVAX,1330993.367623414,,,,,,,163212525.24035263,,0.5003366227199584,0.00033662271995837934,0.00815497073930659,0.5002731413379058
2021-10-08,Trader Joe,Avalanche,V1,USDC.e/WAVAX,USDC.e,81063333.447273,,WAVAX,1343686.2938669312,,,,,,,162095547.07350275,,0.5000959922144843,9.599221448430839e-05,0.008289470735785434,0.500280316366586
2021-10-09,Trader Joe,Avalanche,V1,USDC.e/WAVAX,USDC.e,81324545.89705,,WAVAX,1341288.1282612192,,,,,,,162630427.74151844,,0.5000573817976154,5.7381797615385643e-05,0.008247461110986168,0.500287841504224
2021-10-10,Trader Joe,Avalanche,V1,USDC.e/WAVAX,USDC.e,78658931.701114,,WAVAX,1390726.1194369162,,,,,,,157302582.3930329,,0.5000485720226668,4.8572022666837356e-05,0.008841088927339268,0.5003047501547774
2021-10-11,Trader Joe,Avalanche,V1,USDC.e/WAVAX,USDC.e,77383412.854088,,WAVAX,1405560.3021380575,,,,,,,154850777.59171164,,0.4997289265031752,-0.0002710734968248141,0.009076869512686837,0.5002774127096069
2021-10-12,Trader Joe,Avalanche,V1,USDC.e/WAVAX,USDC.e,51271119.725259,,WAVAX,945784.0419676208,,,,,,,102491956.9235543,,0.5002452998677799,0.0002452998677798801,0.00922788548835157,0.5001802749099016
2021-10-13,Trader Joe,Avalanche,V1,USDC.e/WAVAX,USDC.e,52601960.096112,,WAVAX,954849.0306204588,,,,,,,105042190.44604,,0.5007698323192673,0.0007698323192673051,0.009090147745071664,0.5001832324921354
2021-10-14,Trader Joe,Avalanche,V1,USDC.e/WAVAX,USDC.e,53587479.761142,,WAVAX,955444.3894015028,,,,,,,107159035.97056624,,0.5000742986887365,7.429868873654044e-05,0.008916134610094273,0.5001457576305323
2021-10-15,Trader Joe,Avalanche,V1,USDC.e/WAVAX,USDC.e,52754892.676588,,WAVAX,935496.719917177,,,,,,,105478069.01430105,,0.5001503456556009,0.00015034565560090307,0.008869111168411126,0.5001535224078346
2021-10-16,Trader Joe,Avalanche,V1,USDC.e/WAVAX,USDC.e,54599043.503551,,WAVAX,945453.9807467576,,,,,,,109041437.30428004,,0.5007183035490665,0.0007183035490665457,0.008670593529581503,0.5002479398008991
2021-10-17,Trader Joe,Avalanche,V1,USDC.e/WAVAX,USDC.e,54320898.664732,,WAVAX,972121.7954789618,,,,,,,108717482.17312635,,0.49965191962622063,-0.0003480803737793692,0.008941724698249666,0.5001912751728353
2021-10-18,Trader Joe,Avalanche,V1,USDC.e/WAVAX,USDC.e,54991449.926031,,WAVAX,990235.356556449,,,,,,,109840521.76844849,,0.5006481127425526,0.000648112742552609,0.009015209875312997,0.5003225874927464
2021-10-20,Trader Joe,Avalanche,V1,USDC.e/WAVAX,USDC.e,61192802.024619,,WAVAX,1027611.6314565951,,,,,,,122354143.12546438,,0.5001285650120624,0.00012856501206237603,0.008398666405622748,0.5003059110847866
2021-10-21,Trader Joe,Avalanche,V1,USDC.e/WAVAX,USDC.e,68000600.318461,,WAVAX,1109110.4692904183,,,,,,,135816876.064088,,0.5006785775750984,0.0006785775750983714,0.008166219850080057,0.5002928746927626
2021-10-22,Trader Joe,Avalanche,V1,USDC.e/WAVAX,USDC.e,74306746.090975,,WAVAX,1134237.755115798,,,,,,,148415227.26337758,,0.5006679399487108,0.0006679399487108384,0.0076423273812934326,0.5003776805870447
2021-10-23,Trader Joe,Avalanche,V1,USDC.e/WAVAX,USDC.e,76216848.712132,,WAVAX,1162702.505523014,,,,,,,152072362.4897633,,0.5011880361710204,0.001188036171020368,0.007645718699223083,0.5005259220892474
2021-10-24,Trader Joe,Avalanche,V1,USDC.e/WAVAX,USDC.e,75687167.986962,,WAVAX,1169956.5893473777,,,,,,,150939067.6987832,,0.5014418675091112,0.0014418675091112387,0.007751184681239484,0.5006292883692537
2021-10-26,Trader Joe,Avalanche,V1,USDC.e/WAVAX,USDC.e,82430911.651963,,WAVAX,1196983.81325828,,,,,,,164778081.57978722,,0.5002541045609219,0.00025410456092189726,0.007264217435852888,0.5007153147884968
2021-10-27,Trader Joe,Avalanche,V1,USDC.e/WAVAX,USDC.e,75921361.834766,,WAVAX,1230735.861630444,,,,,,,151858436.62921163,,0.4999482644493503,-5.173555064968971e-05,0.008104494481498557,0.5006153364608965
2021-10-28,Trader Joe,Avalanche,V1,USDC.e/WAVAX,USDC.e,82491030.926074,,WAVAX,1283844.4045455835,,,,,,,164981206.53426117,,0.5000025921676317,2.592167631654263e-06,0.0077817615200854486,0.5005973403402635
2021-10-29,Trader Joe,Avalanche,V1,USDC.e/WAVAX,USDC.e,82080268.734801,,WAVAX,1268495.982074176,,,,,,,163852388.89220703,,0.5009403237251477,0.0009403237251477403,0.007741699652048874,0.5006347326474134
2021-10-30,Trader Joe,Avalanche,V1,USDC.e/WAVAX,USDC.e,79848952.271833,,WAVAX,1283982.485729356,,,,,,,159554789.61241302,,0.5004484820906995,0.00044848209069947576,0.00804728262215367,0.5006033815248403
2021-11-01,Trader Joe,Avalanche,V1,USDC.e/WAVAX,USDC.e,81571774.753766,,WAVAX,1257686.3549564376,,,,,,,163085976.5744507,,0.500176510986078,0.00017651098607796012,0.007711799514425378,0.5004588779269915
2021-11-02,Trader Joe,Avalanche,V1,USDC.e/WAVAX,USDC.e,79895482.161281,,WAVAX,1184204.931383839,,,,,,,159622532.115414,,0.5005275953366854,0.0005275953366854491,0.007418783023236392,0.500328267616645
2021-11-03,Trader Joe,Avalanche,V1,USDC.e/WAVAX,USDC.e,80529331.106707,,WAVAX,1071561.5410136,,,,,,,160892981.99686286,,0.5005148770769703,0.0005148770769702882,0.006660088760331968,0.5003655208332233
2021-11-04,Trader Joe,Avalanche,V1,USDC.e/WAVAX,USDC.e,79550688.111933,,WAVAX,1003958.2499115036,,,,,,,159110897.91538864,,0.4999700784432512,-2.9921556748802036e-05,0.006309801924726643,0.5003686371180662
2021-11-06,Trader Joe,Avalanche,V1,USDC.e/WAVAX,USDC.e,78213109.702864,,WAVAX,995531.969649709,,,,,,,156230684.27160144,,0.5006257897897529,0.0006257897897529174,0.00637219234039206,0.500457665349798
2021-11-07,Trader Joe,Avalanche,V1,USDC.e/WAVAX,USDC.e,82296872.829563,,WAVAX,937196.0285759284,,,,,,,164152918.9012996,,0.5013427320110325,0.0013427320110325214,0.005709286407142338,0.5005151522477814
2021-11-08,Trader Joe,Avalanche,V1,USDC.e/WAVAX,USDC.e,84687204.983515,,WAVAX,917924.3329519216,,,,,,,168991350.1895111,,0.5011333709597838,0.0011333709597838304,0.005431782939911057,0.5006129935147935
2021-11-09,Trader Joe,Avalanche,V1,USDC.e/WAVAX,USDC.e,81762520.550607,,WAVAX,922650.401702961,,,,,,,163302551.5282107,,0.5006812189121395,0.0006812189121394585,0.005649944799200349,0.500685094647088
2021-11-11,Trader Joe,Avalanche,V1,USDC.e/WAVAX,USDC.e,82854278.186349,,WAVAX,942571.3517145884,,,,,,,165701332.39273295,,0.5000217981951646,2.179819516456849e-05,0.0056883752116161385,0.5006128379125849
2021-11-12,Trader Joe,Avalanche,V1,USDC.e/WAVAX,USDC.e,80943475.691596,,WAVAX,952749.81494197,,,,,,,161737532.50956312,,0.5004619177481888,0.0004619177481888226,0.005890715656155052,0.5006052722941876
2021-11-13,Trader Joe,Avalanche,V1,USDC.e/WAVAX,USDC.e,84079742.598188,,WAVAX,864644.588144516,,,,,,,168010424.3127182,,0.5004436060567895,0.0004436060567895028,0.005146374647177552,0.5006729190961217
2021-11-14,Trader Joe,Avalanche,V1,USDC.e/WAVAX,USDC.e,84246223.842029,,WAVAX,882892.8468857694,,,,,,,168271470.53128016,,0.5006566090855454,0.0006566090855454343,0.005246836223028357,0.5006773218526634
2021-11-15,Trader Joe,Avalanche,V1,USDC.e/WAVAX,USDC.e,82863082.773342,,WAVAX,882704.1641762969,,,,,,,165756289.3185278,,0.4999091323413198,-9.086765868021596e-05,0.005325313252398144,0.5004725218998474
2021-11-16,Trader Joe,Avalanche,V1,USDC.e/WAVAX,USDC.e,86741412.05803,,WAVAX,885791.4963197462,,,,,,,173684096.57751396,,0.49942057889749236,-0.0005794211025076379,0.005100014991438343,0.50022783731952
2021-11-17,Trader Joe,Avalanche,V1,USDC.e/WAVAX,USDC.e,93828235.102002,,WAVAX,874312.4019737882,,,,,,,187930079.344678,,0.49927204537552444,-0.0007279546244755575,0.004652328169192293,0.5000265268142893
2021-11-19,Trader Joe,Avalanche,V1,USDC.e/WAVAX,USDC.e,99446275.949133,,WAVAX,890116.9414503014,,,,,,,198477649.2792405,,0.5010452124471753,0.0010452124471752589,0.004484721300774707,0.5001727288502907
2021-11-20,Trader Joe,Avalanche,V1,USDC.e/WAVAX,USDC.e,107991614.976608,,WAVAX,860734.0957341652,,,,,,,216027941.3249595,,0.49989651484092923,-0.00010348515907077083,0.003984364663455308,0.5000919570063965
2021-11-21,Trader Joe,Avalanche,V1,USDC.e/WAVAX,USDC.e,109421727.864426,,WAVAX,849473.7779088028,,,,,,,218646723.9845979,,0.5004498849574988,0.00044988495749875845,0.00388514294853392,0.5000928539922121
2021-11-23,Trader Joe,Avalanche,V1,USDC.e/WAVAX,USDC.e,114782885.917325,,WAVAX,932983.0729154292,,,,,,,229694082.73378465,,0.4997206917618262,-0.00027930823817379213,0.0040618507094793395,0.4999591515173952
2021-11-24,Trader Joe,Avalanche,V1,USDC.e/WAVAX,USDC.e,115739636.761011,,WAVAX,1007908.846298415,,,,,,,231437361.54814592,,0.5000905471216828,9.054712168277135e-05,0.004354996270076038,0.4999850679145898
2021-11-25,Trader Joe,Avalanche,V1,USDC.e/WAVAX,USDC.e,119030087.664558,,WAVAX,998195.4060639212,,,,,,,238312968.4104786,,0.4994696195447342,-0.000530380455265822,0.004188590376435555,0.4999920737213387
2021-11-26,Trader Joe,Avalanche,V1,USDC.e/WAVAX,USDC.e,108184882.27651,,WAVAX,1039839.2664410732,,,,,,,216377770.5931904,,0.4999814998552105,-1.850014478949058e-05,0.004805665866647938,0.5000934243612939
2021-11-27,Trader Joe,Avalanche,V1,USDC.e/WAVAX,USDC.e,118334692.11449,,WAVAX,1044347.1823115414,,,,,,,236280529.87908,,0.5008228658326165,0.0008228658326164817,0.004419945997437881,0.500061660559214
2021-11-29,Trader Joe,Avalanche,V1,USDC.e/WAVAX,USDC.e,122954883.156894,,WAVAX,1024175.536479685,,,,,,,245853761.88143107,,0.5001138978552297,0.00011389785522974982,0.00416579160164984,0.5000927152755427
2021-11-30,Trader Joe,Avalanche,V1,USDC.e/WAVAX,USDC.e,125332228.067952,,WAVAX,1037916.2819605896,,,,,,,250792362.1246577,,0.499744996243765,-0.00025500375623499494,0.00413854821242398,0.49999201688786643
2021-12-02,Trader Joe,Avalanche,V1,USDC.e/WAVAX,USDC.e,126842335.059277,,WAVAX,1178462.2382180295,,,,,,,253575000.79429767,,0.5002162463253728,0.00021624632537275978,0.004647391243326895,0.5000628103969446
2021-12-03,Trader Joe,Avalanche,V1,USDC.e/WAVAX,USDC.e,110477303.498847,,WAVAX,1021391.145926096,,,,,,,220769450.2311549,,0.500419344176346,0.00041934417634603705,0.0046265058179773355,0.5001097814047535
2021-12-04,Trader Joe,Avalanche,V1,USDC.e/WAVAX,USDC.e,97605951.733013,,WAVAX,1050168.7901035696,,,,,,,194787240.05360416,,0.5010900698944781,0.0010900698944781295,0.005391363365560137,0.5003412743118598
2021-12-05,Trader Joe,Avalanche,V1,USDC.e/WAVAX,USDC.e,97290988.8785,,WAVAX,1130470.5307731105,,,,,,,194130542.9411572,,0.5011627094042065,0.0011627094042064856,0.005823249209763797,0.5005100185331449
2021-12-06,Trader Joe,Avalanche,V1,USDC.e/WAVAX,USDC.e,66258372.503466,,WAVAX,712331.5325363001,,,,,,,132286362.51472072,,0.5008707718914928,0.0008707718914927609,0.005384769215776361,0.5005168622558416
2021-12-07,Trader Joe,Avalanche,V1,USDC.e/WAVAX,USDC.e,67926658.392402,,WAVAX,756878.5625661167,,,,,,,135480795.80721432,,0.5013748110031763,0.0013748110031762684,0.005586611431210777,0.5006969927055482
2021-12-08,Trader Joe,Avalanche,V1,USDC.e/WAVAX,USDC.e,86108230.299245,,WAVAX,927241.7079442556,,,,,,,172162262.09623548,,0.5001574052919455,0.00015740529194552266,0.00538585922753469,0.5007559082838597
2021-12-09,Trader Joe,Avalanche,V1,USDC.e/WAVAX,USDC.e,86063302.328777,,WAVAX,1005716.877968282,,,,,,,172235385.12849256,,0.4996842098653032,-0.00031579013469679174,0.005839200099433622,0.5006799030752783
2021-12-10,Trader Joe,Avalanche,V1,USDC.e/WAVAX,USDC.e,85522693.647222,,WAVAX,1057254.2216654113,,,,,,,171168731.9631469,,0.4996396985965595,-0.00036030140344051054,0.006176678471235278,0.5005685251353088
2021-12-12,Trader Joe,Avalanche,V1,USDC.e/WAVAX,USDC.e,89189532.332576,,WAVAX,1012073.8678389812,,,,,,,178317723.86198792,,0.5001719986152683,0.0001719986152682873,0.0056756773579181245,0.5004373720954217
2021-12-14,Trader Joe,Avalanche,V1,USDC.e/WAVAX,USDC.e,92126763.49777,,WAVAX,1056189.6669198,,,,,,,184059125.8571224,,0.5005280942672967,0.0005280942672967193,0.0057383173042975175,0.5003467127901489
2021-12-16,Trader Joe,Avalanche,V1,USDC.e/WAVAX,USDC.e,109517620.060859,,WAVAX,1110202.9003275554,,,,,,,218947869.1582024,,0.5001995245805577,0.0001995245805577195,0.005070626650060568,0.5002508203171582
2021-12-18,Trader Joe,Avalanche,V1,USDC.e/WAVAX,USDC.e,120518459.352679,,WAVAX,1042709.898311468,,,,,,,241050793.27124807,,0.49997122065913624,-2.877934086376044e-05,0.004325685404976594,0.5000503074108668
2021-12-20,Trader Joe,Avalanche,V1,USDC.e/WAVAX,USDC.e,120273379.347697,,WAVAX,1059603.1162008278,,,,,,,240449257.1312543,,0.5002027487323167,0.00020274873231673762,0.004406763941975587,0.5000567850452055
2021-12-22,Trader Joe,Avalanche,V1,USDC.e/WAVAX,USDC.e,120816837.981413,,WAVAX,1038050.441953994,,,,,,,241640734.90018785,,0.49998539373470136,-1.4606265298644505e-05,0.004295842099564758,0.5000998113122623
2021-12-24,Trader Joe,Avalanche,V1,USDC.e/WAVAX,USDC.e,127019592.128109,,WAVAX,1107282.0291960835,,,,,,,254112698.3080187,,0.4998553514793038,-0.00014464852069617784,0.004357444695085285,0.5001306188669401
2021-12-25,Trader Joe,Avalanche,V1,USDC.e/WAVAX,USDC.e,126090022.344315,,WAVAX,1094512.3277078047,,,,,,,251900986.5221794,,0.5005539044731491,0.0005539044731490694,0.0043450100883643625,0.5001851768466373
2021-12-26,Trader Joe,Avalanche,V1,USDC.e/WAVAX,USDC.e,122938526.505159,,WAVAX,1066570.2678118336,,,,,,,245635699.9642261,,0.500491282509275,0.0004912825092749928,0.004342081659820486,0.5001799180240629
2021-12-28,Trader Joe,Avalanche,V1,USDC.e/WAVAX,USDC.e,124662030.263694,,WAVAX,1162278.152877085,,,,,,,249137609.88846377,,0.5003741920760332,0.00037419207603317517,0.0046652055199430725,0.5002048705234164
2021-12-30,Trader Joe,Avalanche,V1,USDC.e/WAVAX,USDC.e,116890222.88173,,WAVAX,1149746.07902213,,,,,,,233535580.4430017,,0.5005242569890075,0.0005242569890074877,0.004923215883597424,0.500283875713398
2022-01-01,Trader Joe,Avalanche,V1,USDC.e/WAVAX,USDC.e,114972483.221342,,WAVAX,1007770.9798149228,,,,,,,229750906.61527708,,0.5004223265759118,0.0004223265759117911,0.004386363451885991,0.5003152439767689
2022-01-03,Trader Joe,Avalanche,V1,USDC.e/WAVAX,USDC.e,118575914.980526,,WAVAX,1096252.231845458,,,,,,,236993594.4106297,,0.5003338392980954,0.00033383929809538415,0.004625661864708562,0.5003650219143966
2022-01-05,Trader Joe,Avalanche,V1,USDC.e/WAVAX,USDC.e,113032954.198904,,WAVAX,1159248.333392311,,,,,,,226196508.3567537,,0.4997113130527644,-0.00028868694723560573,0.005124961219843243,0.5003444449963195
2022-01-06,Trader Joe,Avalanche,V1,USDC.e/WAVAX,USDC.e,111073157.508891,,WAVAX,1164497.161628503,,,,,,,221998828.06201515,,0.5003321795818797,0.0003321795818796991,0.005245510401087351,0.5003127700118524
2022-01-07,Trader Joe,Avalanche,V1,USDC.e/WAVAX,USDC.e,100868166.88107,,WAVAX,1167232.872899812,,,,,,,201649306.6085067,,0.5002157883780931,0.00021578837809310691,0.005788429886178302,0.5002734137073979
2022-01-08,Trader Joe,Avalanche,V1,USDC.e/WAVAX,USDC.e,100277578.323366,,WAVAX,1193192.2829722215,,,,,,,200527310.61076832,,0.5000694320286819,6.94320286819261e-05,0.005950273203874241,0.5002298765577763
2022-01-09,Trader Joe,Avalanche,V1,USDC.e/WAVAX,USDC.e,103543372.781683,,WAVAX,1161793.693846491,,,,,,,207015694.80281872,,0.5001716071832499,0.0001716071832499333,0.005612104410504203,0.5001794980140966
2022-01-10,Trader Joe,Avalanche,V1,USDC.e/WAVAX,USDC.e,101751654.924478,,WAVAX,1204835.8960256467,,,,,,,203197184.78695315,,0.5007532709233246,0.000753270923324556,0.00592939266008476,0.5002267757780127
2022-01-11,Trader Joe,Avalanche,V1,USDC.e/WAVAX,USDC.e,102296359.274932,,WAVAX,1144528.893148168,,,,,,,204593649.2871421,,0.4999977254003696,-2.2745996304252003e-06,0.005594156500634339,0.500178759506909
2022-01-12,Trader Joe,Avalanche,V1,USDC.e/WAVAX,USDC.e,107430255.487418,,WAVAX,1122032.096182054,,,,,,,214701162.5111216,,0.5003710936211305,0.0003710936211305249,0.005226017796358845,0.5002730138738185
2022-01-13,Trader Joe,Avalanche,V1,USDC.e/WAVAX,USDC.e,100621691.451236,,WAVAX,1123716.2362994896,,,,,,,201194662.6626821,,0.5001210773664299,0.00012107736642985589,0.00558521891897045,0.5002428564144685
2022-01-14,Trader Joe,Avalanche,V1,USDC.e/WAVAX,USDC.e,100429423.118971,,WAVAX,1113474.9002682574,,,,,,,200533359.3383542,,0.5008115530021083,0.0008115530021083339,0.005552566934210298,0.5003279656464706
2022-01-15,Trader Joe,Avalanche,V1,USDC.e/WAVAX,USDC.e,102137711.688128,,WAVAX,1094790.6871333772,,,,,,,203970487.14305755,,0.5007475008700267,0.0007475008700267294,0.005367397521414607,0.5004248326238057
2022-01-16,Trader Joe,Avalanche,V1,USDC.e/WAVAX,USDC.e,104374034.381702,,WAVAX,1133938.969127854,,,,,,,208809306.6790192,,0.4998533640176553,-0.00014663598234471165,0.005430500139876142,0.5003793693144349
2022-01-17,Trader Joe,Avalanche,V1,USDC.e/WAVAX,USDC.e,104829541.699831,,WAVAX,1207289.6179806548,,,,,,,209407811.0787737,,0.5005999592842164,0.0005999592842164114,0.005765255898341367,0.5003574676517052
2022-01-18,Trader Joe,Avalanche,V1,USDC.e/WAVAX,USDC.e,103500421.408106,,WAVAX,1199754.079925164,,,,,,,206787750.3110096,,0.5005152445076702,0.000515244507670154,0.005801862431989948,0.5004313989527481
2022-01-19,Trader Joe,Avalanche,V1,USDC.e/WAVAX,USDC.e,102067168.781641,,WAVAX,1231907.0876330305,,,,,,,203986935.3967937,,0.5003613029584507,0.00036130295845071547,0.006039146993589247,0.5004300002866511
2022-01-20,Trader Joe,Avalanche,V1,USDC.e/WAVAX,USDC.e,99788292.623007,,WAVAX,1259154.1144409245,,,,,,,199481995.49047625,,0.5002370884532842,0.00023708845328418438,0.006312119103004659,0.5004465732990588
2022-01-21,Trader Joe,Avalanche,V1,USDC.e/WAVAX,USDC.e,83113526.548465,,WAVAX,1256931.5956474908,,,,,,,165975181.3740123,,0.5007587632103565,0.0007587632103565056,0.0075730093212857666,0.5004390319002371
2022-01-22,Trader Joe,Avalanche,V1,USDC.e/WAVAX,USDC.e,80722539.192686,,WAVAX,1352688.3689104056,,,,,,,161427544.64912802,,0.500054308378047,5.430837804698552e-05,0.008379538769858334,0.5003400044013829
2022-01-23,Trader Joe,Avalanche,V1,USDC.e/WAVAX,USDC.e,82345874.698172,,WAVAX,1271040.6083947709,,,,,,,164598168.0735681,,0.5002842720665459,0.00028427206654590975,0.007722082349219536,0.5004015626940815
2022-01-24,Trader Joe,Avalanche,V1,USDC.e/WAVAX,USDC.e,81358382.362485,,WAVAX,1293135.9468602228,,,,,,,162701301.57151255,,0.500047520066859,4.752006685904142e-05,0.007947913964854468,0.5003226428058877
2022-01-26,Trader Joe,Avalanche,V1,USDC.e/WAVAX,USDC.e,82460599.153781,,WAVAX,1250289.6299150656,,,,,,,164833612.7104606,,0.5002656788128985,0.0002656788128985177,0.007585161845061716,0.5002869905637773
2022-01-28,Trader Joe,Avalanche,V1,USDC.e/WAVAX,USDC.e,84700326.843934,,WAVAX,1259940.5216006327,,,,,,,169353047.9531735,,0.5001405517505291,0.0001405517505290721,0.007439727461822885,0.5002554546769314
2022-01-29,Trader Joe,Avalanche,V1,USDC.e/WAVAX,USDC.e,86944035.288334,,WAVAX,1207868.6013862756,,,,,,,173926429.118024,,0.49988972768097834,-0.00011027231902166479,0.006944709941504251,0.5002058317094592
2022-01-30,Trader Joe,Avalanche,V1,USDC.e/WAVAX,USDC.e,86551440.020491,,WAVAX,1267846.4139552305,,,,,,,173284475.90800673,,0.4994760180735373,-0.000523981926462691,0.0073165608593138195,0.5000225824041993
2022-01-31,Trader Joe,Avalanche,V1,USDC.e/WAVAX,USDC.e,76960778.635526,,WAVAX,1098053.064532095,,,,,,,153987417.56193632,,0.49978615041434205,-0.00021384958565795475,0.007130797320439767,0.49998427412367
2022-02-01,Trader Joe,Avalanche,V1,USDC.e/WAVAX,USDC.e,87809345.217745,,WAVAX,1195415.1357081884,,,,,,,175631917.90802878,,0.49996234319850197,-3.7656801498031633e-05,0.006806366120389223,0.49993828428537807
2022-02-02,Trader Joe,Avalanche,V1,USDC.e/WAVAX,USDC.e,89453267.419863,,WAVAX,1317567.2268723375,,,,,,,178905324.54235068,,0.5000033825079785,3.3825079784888246e-06,0.007364606001765148,0.49993197891982366
2022-02-03,Trader Joe,Avalanche,V1,USDC.e/WAVAX,USDC.e,89939455.131184,,WAVAX,1318736.7367912647,,,,,,,179901425.00576818,,0.49993742477748726,-6.257522251273961e-05,0.0073303295777061355,0.49988508548619354
2022-02-04,Trader Joe,Avalanche,V1,USDC.e/WAVAX,USDC.e,96106879.074312,,WAVAX,1237166.8711093164,,,,,,,192154412.11526623,,0.5001544227704805,0.00015442277048050013,0.006438399501163607,0.4998870670604723
2022-02-05,Trader Joe,Avalanche,V1,USDC.e/WAVAX,USDC.e,96348142.03758,,WAVAX,1245711.3680245937,,,,,,,192650656.1465377,,0.5001184214202405,0.00011842142024054425,0.006466167273663768,0.49991973759465264
2022-02-07,Trader Joe,Avalanche,V1,USDC.e/WAVAX,USDC.e,106664173.971357,,WAVAX,1280348.180143508,,,,,,,213253913.89330176,,0.5001745197732912,0.00017451977329119295,0.006003867205851659,0.5000195235517603
2022-02-09,Trader Joe,Avalanche,V1,USDC.e/WAVAX,USDC.e,106345983.471848,,WAVAX,1180842.395756147,,,,,,,212598227.91963863,,0.5002204605018927,0.00022046050189272748,0.005554337904465042,0.5000815678499818
2022-02-10,Trader Joe,Avalanche,V1,USDC.e/WAVAX,USDC.e,106457157.275422,,WAVAX,1170331.3456021205,,,,,,,212844195.3287905,,0.5001647196014559,0.00016471960145592046,0.005498535413635567,0.5001104787646896
2022-02-11,Trader Joe,Avalanche,V1,USDC.e/WAVAX,USDC.e,106750435.824622,,WAVAX,1309031.675807479,,,,,,,213717907.2892206,,0.49949223805639537,-0.0005077619436046343,0.0061250444214578145,0.5000374581287491
2022-02-12,Trader Joe,Avalanche,V1,USDC.e/WAVAX,USDC.e,108910663.459227,,WAVAX,1343141.3299033667,,,,,,,217864196.01098928,,0.4999016151039955,-9.838489600449973e-05,0.006165039297396152,0.5000323424611074
2022-02-13,Trader Joe,Avalanche,V1,USDC.e/WAVAX,USDC.e,107942222.742153,,WAVAX,1381630.3671180813,,,,,,,215893366.7068312,,0.4999793388220739,-2.0661177926095675e-05,0.006399596190438974,0.5000073304684779
2022-02-14,Trader Joe,Avalanche,V1,USDC.e/WAVAX,USDC.e,115495381.949918,,WAVAX,1409235.4890179457,,,,,,,230960222.2761837,,0.5000661187960233,6.611879602325121e-05,0.006101637221896907,0.49999985866501834
2022-02-15,Trader Joe,Avalanche,V1,USDC.e/WAVAX,USDC.e,125350748.186661,,WAVAX,1351334.8783822355,,,,,,,250731249.8542139,,0.4999406665884105,-5.933341158947947e-05,0.00538957500976827,0.49996645106717813
2022-02-17,Trader Joe,Avalanche,V1,USDC.e/WAVAX,USDC.e,120194448.660184,,WAVAX,1362426.8688652,,,,,,,240419942.9905021,,0.4999354344948511,-6.45655051488836e-05,0.0056668629562025286,0.4999257330661723
2022-02-19,Trader Joe,Avalanche,V1,USDC.e/WAVAX,USDC.e,118150901.194883,,WAVAX,1387760.6946565143,,,,,,,236199558.4980648,,0.5002164353996921,0.00021643539969207204,0.005875373787660507,0.4999331210373488
2022-02-21,Trader Joe,Avalanche,V1,USDC.e/WAVAX,USDC.e,100877881.681927,,WAVAX,1441913.843598853,,,,,,,201804623.7774608,,0.49987894129308774,-0.00012105870691225817,0.007145098147943911,0.4999883643568763
2022-02-23,Trader Joe,Avalanche,V1,USDC.e/WAVAX,USDC.e,109738854.068025,,WAVAX,1486904.0950213282,,,,,,,219431368.5424056,,0.5001055901759903,0.00010559017599032217,0.006776169263757659,0.5000175036528756
2022-02-25,Trader Joe,Avalanche,V1,USDC.e/WAVAX,USDC.e,108946361.386551,,WAVAX,1347917.3613918133,,,,,,,218060428.7754317,,0.4996154597987551,-0.0003845402012448984,0.006181393703393835,0.49996552093525853
2022-02-27,Trader Joe,Avalanche,V1,USDC.e/WAVAX,USDC.e,101798895.146785,,WAVAX,1360366.4450276415,,,,,,,203578598.49390188,,0.500047136093406,4.713609340600833e-05,0.006682266481308892,0.499962809120599
2022-02-28,Trader Joe,Avalanche,V1,USDC.e/WAVAX,USDC.e,109948521.855428,,WAVAX,1298673.3690487926,,,,,,,219776461.48924136,,0.5002743292452648,0.00027432924526482605,0.005909064875504724,0.5000104752144353
2022-03-01,Trader Joe,Avalanche,V1,USDC.e/WAVAX,USDC.e,112295078.557766,,WAVAX,1293165.5283584967,,,,,,,224645130.49190545,,0.4998776439617163,-0.00012235603828369968,0.0057564814582308195,0.5000022194239875
2022-03-02,Trader Joe,Avalanche,V1,USDC.e/WAVAX,USDC.e,106385431.858845,,WAVAX,1277660.6421489732,,,,,,,212755008.12770995,,0.5000372625540512,3.726255405123169e-05,0.006005314062369967,0.49997662330318166
2022-03-03,Trader Joe,Avalanche,V1,USDC.e/WAVAX,USDC.e,97958011.489243,,WAVAX,1246857.2590377918,,,,,,,195923504.3119121,,0.4999809075142557,-1.9092485744276466e-05,0.0063640003960565295,0.4999911899062056
2022-03-04,Trader Joe,Avalanche,V1,USDC.e/WAVAX,USDC.e,98053262.402783,,WAVAX,1292477.8241528785,,,,,,,196038791.4049801,,0.5001727550963269,0.00017275509632685981,0.006592969763228426,0.5000007848948251
2022-03-05,Trader Joe,Avalanche,V1,USDC.e/WAVAX,USDC.e,99119553.715967,,WAVAX,1292781.7646648665,,,,,,,198349731.54482096,,0.49972113873806284,-0.00027886126193715777,0.006517688502002018,0.5000158818861549
2022-03-06,Trader Joe,Avalanche,V1,USDC.e/WAVAX,USDC.e,98027118.378847,,WAVAX,1352386.363176265,,,,,,,196050355.07204816,,0.5000098997159287,9.899715928685104e-06,0.0068981581934869,0.500010562403658
2022-03-07,Trader Joe,Avalanche,V1,USDC.e/WAVAX,USDC.e,100939101.297992,,WAVAX,1402820.0737249632,,,,,,,201800116.8450974,,0.5001934730071206,0.00019347300712058146,0.0069515325147297795,0.49999901151249465
2022-03-08,Trader Joe,Avalanche,V1,USDC.e/WAVAX,USDC.e,101501710.034599,,WAVAX,1388365.1106476556,,,,,,,202939974.7601214,,0.5001563154552267,0.00015631545522665213,0.006841259896128041,0.5000388217258532
2022-03-09,Trader Joe,Avalanche,V1,USDC.e/WAVAX,USDC.e,102572999.958712,,WAVAX,1318796.4411680873,,,,,,,205143509.5539913,,0.5000060698080044,6.0698080044385705e-06,0.006428653014834944,0.5000343656192751
2022-03-10,Trader Joe,Avalanche,V1,USDC.e/WAVAX,USDC.e,97791143.468587,,WAVAX,1323943.7381737607,,,,,,,195606376.20784572,,0.4999384241169978,-6.157588300220729e-05,0.006768407880359565,0.500028296562524
2022-03-11,Trader Joe,Avalanche,V1,USDC.e/WAVAX,USDC.e,95679288.095413,,WAVAX,1341892.2082482043,,,,,,,191376236.37044948,,0.4999538600508652,-4.6139949134826885e-05,0.0070118016410913525,0.49999702584174377
2022-03-12,Trader Joe,Avalanche,V1,USDC.e/WAVAX,USDC.e,92903958.560655,,WAVAX,1309956.2783499125,,,,,,,185862893.8858926,,0.49985210397989294,-0.00014789602010706338,0.007047970958389027,0.5000157351620051
2022-03-13,Trader Joe,Avalanche,V1,USDC.e/WAVAX,USDC.e,89417228.390639,,WAVAX,1316761.2079396355,,,,,,,178957839.67853758,,0.4996552738413662,-0.0003447261586337902,0.007357940899962455,0.499965074322782
2022-03-14,Trader Joe,Avalanche,V1,USDC.e/WAVAX,USDC.e,90195423.022506,,WAVAX,1307632.3146783623,,,,,,,180359033.6930846,,0.5000881917342204,8.819173422036641e-05,0.007250162566869531,0.4999500341409391
2022-03-15,Trader Joe,Avalanche,V1,USDC.e/WAVAX,USDC.e,89787986.517352,,WAVAX,1283554.472157008,,,,,,,179606139.43198705,,0.49991602069567764,-8.39793043223569e-05,0.007146495527470887,0.49991570631814636
2022-03-17,Trader Joe,Avalanche,V1,USDC.e/WAVAX,USDC.e,87275890.079563,,WAVAX,1096755.2583814885,,,,,,,174593081.30618897,,0.4998817216960891,-0.00011827830391092364,0.006281779611060743,0.49989794230215845
2022-03-18,Trader Joe,Avalanche,V1,USDC.e/WAVAX,USDC.e,86178961.769362,,WAVAX,1003183.2852318956,,,,,,,172344800.2038246,,0.5000380729064174,3.807290641744121e-05,0.0058207922957088055,0.4999121778435041
2022-03-19,Trader Joe,Avalanche,V1,USDC.e/WAVAX,USDC.e,87813342.06508,,WAVAX,977913.1734267734,,,,,,,175697169.12727872,,0.4997994133955919,-0.00020058660440808174,0.0055659017062383775,0.49989011403560796
2022-03-20,Trader Joe,Avalanche,V1,USDC.e/WAVAX,USDC.e,85516076.496349,,WAVAX,1007963.4646879268,,,,,,,171005067.6864797,,0.5000791944548333,7.91944548332868e-05,0.0058943485027936416,0.499922555532028
2022-03-21,Trader Joe,Avalanche,V1,USDC.e/WAVAX,USDC.e,78532870.385521,,WAVAX,908199.0496275484,,,,,,,157043202.98661628,,0.5000717566376548,7.175663765479623e-05,0.005783115934695678,0.49998205307435495
2022-03-22,Trader Joe,Avalanche,V1,USDC.e/WAVAX,USDC.e,71764079.763821,,WAVAX,853566.4106575744,,,,,,,143586781.53984213,,0.49979586556794625,-0.0002041344320537486,0.005944602988546886,0.49994029219345865
2022-03-23,Trader Joe,Avalanche,V1,USDC.e/WAVAX,USDC.e,70140463.46453,,WAVAX,813516.0022350979,,,,,,,140306488.664483,,0.4999089075078911,-9.1092492108924e-05,0.005798135282114221,0.4999392760237748
2022-03-24,Trader Joe,Avalanche,V1,USDC.e/WAVAX,USDC.e,69681175.693387,,WAVAX,797481.2226510912,,,,,,,139622756.03187534,,0.49906747061688894,-0.0009325293831110582,0.005711685153020681,0.499822954441032
2022-03-25,Trader Joe,Avalanche,V1,USDC.e/WAVAX,USDC.e,67027687.927751,,WAVAX,801510.7348915304,,,,,,,134157032.44484428,,0.49962112836170525,-0.00037887163829475323,0.005974422065582391,0.49976339093464445
2022-03-26,Trader Joe,Avalanche,V1,USDC.e/WAVAX,USDC.e,68500624.733868,,WAVAX,796632.8420721346,,,,,,,137096790.96320447,,0.4996515545885603,-0.00034844541143969066,0.00581073296081703,0.49974226824792567
2022-03-27,Trader Joe,Avalanche,V1,USDC.e/WAVAX,USDC.e,70851599.9451,,WAVAX,785844.9947729582,,,,,,,141676180.2679448,,0.500095356968984,9.535696898399504e-05,0.005546768647254114,0.49974457717851867
2022-03-28,Trader Joe,Avalanche,V1,USDC.e/WAVAX,USDC.e,69417951.660801,,WAVAX,775504.2356733069,,,,,,,139016546.0867724,,0.49935028322075536,-0.0006497167792446357,0.005578503117098354,0.499641509547533
2022-03-29,Trader Joe,Avalanche,V1,USDC.e/WAVAX,USDC.e,69961226.530528,,WAVAX,754379.8990575294,,,,,,,139943285.99603418,,0.49992556650778236,-7.44334922176404e-05,0.0053906115873176485,0.49966003825322397
2022-03-30,Trader Joe,Avalanche,V1,USDC.e/WAVAX,USDC.e,71495653.127193,,WAVAX,748937.2858421266,,,,,,,143121959.3150295,,0.4995435603967805,-0.00045643960321950505,0.005232860767323769,0.49960784580877954
2022-03-31,Trader Joe,Avalanche,V1,USDC.e/WAVAX,USDC.e,64771926.025877,,WAVAX,666511.4229252662,,,,,,,129547939.04864402,,0.49998422592856345,-1.57740714365473e-05,0.005144901785546719,0.4997388108533044
2022-04-01,Trader Joe,Avalanche,V1,USDC.e/WAVAX,USDC.e,64434159.843049,,WAVAX,666582.1460861267,,,,,,,128820211.3198879,,0.5001867267788074,0.00018672677880737787,0.0051745152352751685,0.4998196106271762
2022-04-02,Trader Joe,Avalanche,V1,USDC.e/WAVAX,USDC.e,65286323.76456,,WAVAX,679148.002060355,,,,,,,130555058.22833534,,0.5000673635362097,6.736353620973023e-05,0.0052020045127056935,0.4998790119054118
2022-04-03,Trader Joe,Avalanche,V1,USDC.e/WAVAX,USDC.e,65271236.3164,,WAVAX,666589.0979525945,,,,,,,130575025.22034632,,0.4998753491048867,-0.00012465089511332073,0.005105027525958509,0.49984758221054076
2022-04-04,Trader Joe,Avalanche,V1,USDC.e/WAVAX,USDC.e,63559623.755567,,WAVAX,663006.4558296562,,,,,,,127084348.24325491,,0.5001373074983722,0.00013730749837215228,0.0052170583159507665,0.49996001425020037
2022-04-05,Trader Joe,Avalanche,V1,USDC.e/WAVAX,USDC.e,57474702.046385,,WAVAX,631682.643668118,,,,,,,114960736.8459383,,0.49995071033172184,-4.9289668278162946e-05,0.005494768570548147,0.4999636062250488
2022-04-06,Trader Joe,Avalanche,V1,USDC.e/WAVAX,USDC.e,58409242.445929,,WAVAX,703662.9502776176,,,,,,,116805391.66928165,,0.5000560471669554,5.6047166955397465e-05,0.006024233472628919,0.5000368186207881
2022-04-07,Trader Joe,Avalanche,V1,USDC.e/WAVAX,USDC.e,60346374.741027,,WAVAX,687175.3203853219,,,,,,,120701975.03424276,,0.49996178375628836,-3.8216243711641784e-05,0.005693157217935932,0.5000336125961774
2022-04-08,Trader Joe,Avalanche,V1,USDC.e/WAVAX,USDC.e,56843047.048936,,WAVAX,679901.5593602668,,,,,,,113722136.98374107,,0.4998415309155058,-0.00015846908449418384,0.005978621026594608,0.49998429890142
2022-04-09,Trader Joe,Avalanche,V1,USDC.e/WAVAX,USDC.e,57076700.039338,,WAVAX,676360.8824886632,,,,,,,114206186.00386564,,0.49976890076169844,-0.00023109923830155754,0.0059222788725802455,0.49994166136220414
2022-04-10,Trader Joe,Avalanche,V1,USDC.e/WAVAX,USDC.e,55658254.875423,,WAVAX,685827.6934756867,,,,,,,111269884.4762205,,0.5002095143481319,0.00020951434813187841,0.0061636416421574965,0.4999893992540963
2022-04-11,Trader Joe,Avalanche,V1,USDC.e/WAVAX,USDC.e,53914771.543861,,WAVAX,726540.0759638015,,,,,,,107800649.19979943,,0.5001340153706728,0.0001340153706728131,0.006739663270647105,0.49998892895013924
2022-04-12,Trader Joe,Avalanche,V1,USDC.e/WAVAX,USDC.e,57429235.162924,,WAVAX,755196.8082269839,,,,,,,115061345.31128164,,0.49911840512169925,-0.000881594878300751,0.0065634275888562695,0.4998700282058503
2022-04-13,Trader Joe,Avalanche,V1,USDC.e/WAVAX,USDC.e,57963807.321289,,WAVAX,721397.1522824258,,,,,,,115832283.41842124,,0.5004115054168984,0.0004115054168983834,0.006227945534635807,0.49992080795584215
2022-04-14,Trader Joe,Avalanche,V1,USDC.e/WAVAX,USDC.e,49913802.066152,,WAVAX,648543.8126991956,,,,,,,99614364.1469799,,0.5010703274931789,0.0010703274931789242,0.006510545123214122,0.5000791713468266
2022-04-15,Trader Joe,Avalanche,V1,USDC.e/WAVAX,USDC.e,49094132.198532,,WAVAX,635185.4896651728,,,,,,,98143395.23197578,,0.500228589835221,0.00022858983522100473,0.006472014628837958,0.5001344654782144
2022-04-16,Trader Joe,Avalanche,V1,USDC.e/WAVAX,USDC.e,49078900.506645,,WAVAX,629574.7795723727,,,,,,,98076570.7440498,,0.5004141165857654,0.00041411658576540056,0.006419216891416122,0.5002266391673669
2022-04-17,Trader Joe,Avalanche,V1,USDC.e/WAVAX,USDC.e,48208346.418649,,WAVAX,637051.8079519828,,,,,,,96448100.04220858,,0.499837180800364,-0.00016281919963601066,0.0066051255304478765,0.5001734486605428
2022-04-18,Trader Joe,Avalanche,V1,USDC.e/WAVAX,USDC.e,48725353.537802,,WAVAX,627294.024249074,,,,,,,97476020.810535,,0.49987015404034496,-0.00012984595965503942,0.006435367581000777,0.5001357541847817
2022-04-19,Trader Joe,Avalanche,V1,USDC.e/WAVAX,USDC.e,42842593.952511,,WAVAX,534500.72118914,,,,,,,85675440.93807815,,0.5000568830859644,5.688308596440983e-05,0.006238669043739733,0.500269822465391
2022-04-20,Trader Joe,Avalanche,V1,USDC.e/WAVAX,USDC.e,42540809.855638,,WAVAX,542890.3194122079,,,,,,,85036511.51156674,,0.5002652284231057,0.00026522842310572337,0.0063842026179350446,0.5002489257519921
2022-04-21,Trader Joe,Avalanche,V1,USDC.e/WAVAX,USDC.e,41765128.614893,,WAVAX,556341.0371572479,,,,,,,83502177.62699582,,0.5001681369491681,0.00016813694916806288,0.006662593155862629,0.5001200413885619
2022-04-23,Trader Joe,Avalanche,V1,USDC.e/WAVAX,USDC.e,35526238.65289,,WAVAX,488245.3023992935,,,,,,,71078558.85512434,,0.4998165301198811,-0.00018346988011891385,0.006869094003361239,0.500061175714942
2022-04-24,Trader Joe,Avalanche,V1,USDC.e/WAVAX,USDC.e,35111307.950865,,WAVAX,489153.5021043925,,,,,,,70219705.76523362,,0.5000207216511708,2.0721651170840794e-05,0.006966043175113625,0.5000049764385713
2022-04-25,Trader Joe,Avalanche,V1,USDC.e/WAVAX,USDC.e,35097317.526236,,WAVAX,481971.5070241141,,,,,,,70178129.68561353,,0.500117596229284,0.00011759622928397828,0.006867830607388187,0.5000450357855598
2022-04-26,Trader Joe,Avalanche,V1,USDC.e/WAVAX,USDC.e,34749165.006236,,WAVAX,506679.9860118056,,,,,,,69482442.9134448,,0.5001143245571187,0.0001143245571186835,0.007292201666584803,0.5000799172879561
2022-04-27,Trader Joe,Avalanche,V1,USDC.e/WAVAX,USDC.e,35030728.58167,,WAVAX,502548.1816580871,,,,,,,70097040.09021842,,0.49974618809273097,-0.00025381190726903036,0.007169321001447169,0.5000355322889227
2022-04-28,Trader Joe,Avalanche,V1,USDC.e/WAVAX,USDC.e,34919610.009267,,WAVAX,519695.8496136402,,,,,,,69831892.25039485,,0.500052467203043,5.246720304297181e-05,0.007442098915924789,0.5000051378289138
2022-04-29,Trader Joe,Avalanche,V1,USDC.e/WAVAX,USDC.e,32639625.93048,,WAVAX,514741.2036773704,,,,,,,65259050.27067148,,0.5001547799899381,0.00015477998993806974,0.00788766004933271,0.5000032296918809
2022-04-30,Trader Joe,Avalanche,V1,USDC.e/WAVAX,USDC.e,34933409.753442,,WAVAX,611919.0610256473,,,,,,,69791880.05348401,,0.5005368780246539,0.0005368780246538529,0.008767768693961417,0.5001061365354199
2022-05-01,Trader Joe,Avalanche,V1,USDC.e/WAVAX,USDC.e,35486504.113221,,WAVAX,603115.3603479275,,,,,,,70978558.30411595,,0.4999609031388735,-3.9096861126519666e-05,0.008497148642605689,0.5000975910336631
2022-05-02,Trader Joe,Avalanche,V1,USDC.e/WAVAX,USDC.e,32119134.909782,,WAVAX,531935.6482215541,,,,,,,64285307.19175692,,0.49963415145507034,-0.0003658485449296589,0.008274606927440527,0.5000285274944898
2022-05-03,Trader Joe,Avalanche,V1,USDC.e/WAVAX,USDC.e,32067865.465962,,WAVAX,537795.2825998472,,,,,,,64071938.29626079,,0.50049782039813,0.0004978203981299556,0.008393616564448975,0.5000833126146342
2022-05-04,Trader Joe,Avalanche,V1,USDC.e/WAVAX,USDC.e,33305655.268519,,WAVAX,496920.5356845362,,,,,,,66696137.68997596,,0.49936407747227984,-0.0006359225277201563,0.007450514421005527,0.5000287253831412
2022-05-06,Trader Joe,Avalanche,V1,USDC.e/WAVAX,USDC.e,26522327.039048,,WAVAX,465846.7869679648,,,,,,,53068519.58894089,,0.4997751443696777,-0.00022485563032231815,0.008778213347128003,0.4999891078355176
2022-05-07,Trader Joe,Avalanche,V1,USDC.e/WAVAX,USDC.e,27301070.251413,,WAVAX,495210.0783262623,,,,,,,54622886.96382443,,0.499810093697426,-0.00018990630257398333,0.009065981420100138,0.4999398669365873
2022-05-09,Trader Joe,Avalanche,V1,USDC.e/WAVAX,USDC.e,19508513.969442,,WAVAX,471873.4922193956,,,,,,,39115138.63954631,,0.4987458730292838,-0.0012541269707161962,0.012063704965174801,0.49968400908010585
2022-05-10,Trader Joe,Avalanche,V1,USDC.e/WAVAX,USDC.e,18400875.884287,,WAVAX,414001.9626868427,,,,,,,36807344.94701954,,0.4999240208923845,-7.597910761547588e-05,0.011247808373104792,0.4996787401877503
2022-05-11,Trader Joe,Avalanche,V1,USDC.e/WAVAX,USDC.e,13047714.177008,,WAVAX,422403.0469295385,,,,,,,26164781.792212773,,0.4986746795989444,-0.0013253204010555963,0.016143954506635905,0.49954167277973227
2022-05-13,Trader Joe,Avalanche,V1,USDC.e/WAVAX,USDC.e,12540576.275323,,WAVAX,390363.8386671299,,,,,,,25115213.728379,,0.49932190149561595,-0.0006780985043840504,0.015542923221315744,0.49937368436508744
2022-05-14,Trader Joe,Avalanche,V1,USDC.e/WAVAX,USDC.e,12931370.888763,,WAVAX,380772.3514476208,,,,,,,25882359.66982321,,0.49962101808823706,-0.0003789819117629434,0.01471165520860802,0.49941039016736705
2022-05-15,Trader Joe,Avalanche,V1,USDC.e/WAVAX,USDC.e,13731154.600972,,WAVAX,376696.0772943187,,,,,,,27508736.647816315,,0.4991561327140045,-0.0008438672859955032,0.01369368874030867,0.4993219599308424
2022-05-16,Trader Joe,Avalanche,V1,USDC.e/WAVAX,USDC.e,12558829.640067,,WAVAX,386917.7062634992,,,,,,,25144068.995626137,,0.49947483210659477,-0.0005251678934052317,0.015388030725289704,0.4992740654178664
2022-05-17,Trader Joe,Avalanche,V1,USDC.e/WAVAX,USDC.e,13638814.263785,,WAVAX,396309.17419305566,,,,,,,27315061.04358499,,0.49931480079881096,-0.0006851992011890351,0.01450881524887274,0.49935534081351324
2022-05-18,Trader Joe,Avalanche,V1,USDC.e/WAVAX,USDC.e,12697531.471161,,WAVAX,430811.7703229723,,,,,,,25433558.41272154,,0.499243215011937,-0.0007567849880629751,0.016938713935816616,0.4992580828305921
2022-05-19,Trader Joe,Avalanche,V1,USDC.e/WAVAX,USDC.e,13999275.737774,,WAVAX,460697.6993562453,,,,,,,28018287.92797452,,0.4996477933898521,-0.0003522066101478982,0.016442749840409315,0.49939709908643604
2022-05-20,Trader Joe,Avalanche,V1,USDC.e/WAVAX,USDC.e,13780059.993417,,WAVAX,478009.8021533888,,,,,,,27569999.03879906,,0.4998208369185803,-0.0001791630814196865,0.017338042031872728,0.499468375575431
2022-05-21,Trader Joe,Avalanche,V1,USDC.e/WAVAX,USDC.e,14252005.25389,,WAVAX,477319.5489871092,,,,,,,28547785.735839043,,0.499233299064521,-0.0007667009354789811,0.01672002001850111,0.49941298714347154
2022-05-22,Trader Joe,Avalanche,V1,USDC.e/WAVAX,USDC.e,13422525.91797,,WAVAX,422944.499413977,,,,,,,26860186.999163475,,0.49971826027823363,-0.00028173972176637196,0.015746148730355045,0.4994932910812185
2022-05-23,Trader Joe,Avalanche,V1,USDC.e/WAVAX,USDC.e,11670791.29552,,WAVAX,402196.354697202,,,,,,,23374446.190101214,,0.49929701865888204,-0.0007029813411179586,0.01720666883083318,0.49946788916011675
2022-05-24,Trader Joe,Avalanche,V1,USDC.e/WAVAX,USDC.e,12119775.526672,,WAVAX,418154.3828628802,,,,,,,24267163.065735303,,0.4994310828110293,-0.0005689171889706746,0.017231284173192248,0.49948450087614793
2022-05-25,Trader Joe,Avalanche,V1,USDC.e/WAVAX,USDC.e,11420366.749749,,WAVAX,420368.20831932384,,,,,,,22878594.042640444,,0.49917257714630797,-0.0008274228536920281,0.018373865436654632,0.49947440975248664
2022-05-26,Trader Joe,Avalanche,V1,USDC.e/WAVAX,USDC.e,10248443.005644,,WAVAX,437694.0904219079,,,,,,,20513043.352205902,,0.49960616909347666,-0.0003938309065233403,0.02133735511141694,0.49946846342443296
2022-05-27,Trader Joe,Avalanche,V1,USDC.e/WAVAX,USDC.e,10370903.478604,,WAVAX,461403.5033835088,,,,,,,20757128.03308369,,0.49963094422669485,-0.00036905577330514916,0.022228677428211753,0.4994413358970208
2022-05-28,Trader Joe,Avalanche,V1,USDC.e/WAVAX,USDC.e,10256883.626957,,WAVAX,413653.1829994541,,,,,,,20521983.82534365,,0.4997998104983519,-0.0002001895016480737,0.020156588491635617,0.49952226610185374
2022-05-29,Trader Joe,Avalanche,V1,USDC.e/WAVAX,USDC.e,10454754.050329,,WAVAX,400317.3021324237,,,,,,,20921701.467467315,,0.4997085952395345,-0.000291404760465519,0.01913407008291875,0.49952088538203965
2022-05-30,Trader Joe,Avalanche,V1,USDC.e/WAVAX,USDC.e,10720805.356823,,WAVAX,388242.63766331534,,,,,,,21460021.29001138,,0.4995710494384749,-0.0004289505615250877,0.01809143767457602,0.4995600326362672
2022-05-31,Trader Joe,Avalanche,V1,USDC.e/WAVAX,USDC.e,10464227.118885,,WAVAX,397080.4266890854,,,,,,,20958747.08431931,,0.4992773221026181,-0.0007226778973818959,0.018945809360244096,0.4995380668207799
2022-06-01,Trader Joe,Avalanche,V1,USDC.e/WAVAX,USDC.e,9956768.03669,,WAVAX,419597.79562387534,,,,,,,19923669.646217942,,0.49974569010082276,-0.0002543098991772408,0.021060266661444393,0.4996199400999962
2022-06-02,Trader Joe,Avalanche,V1,USDC.e/WAVAX,USDC.e,10655926.577865,,WAVAX,432144.9804535077,,,,,,,21322915.80110897,,0.49974059257462355,-0.00025940742537644557,0.020266692627048336,0.4996391434544458
2022-06-03,Trader Joe,Avalanche,V1,USDC.e/WAVAX,USDC.e,10229108.181867,,WAVAX,444843.7571207541,,,,,,,20446025.494490035,,0.5002981232036331,0.00029812320363309386,0.021756979479490245,0.49973445473686556
2022-06-04,Trader Joe,Avalanche,V1,USDC.e/WAVAX,USDC.e,10554112.133837,,WAVAX,430554.7492197919,,,,,,,21116434.838945147,,0.49980558812759424,-0.00019441187240576419,0.020389556878499093,0.49973528011247165
2022-06-05,Trader Joe,Avalanche,V1,USDC.e/WAVAX,USDC.e,10552995.649892,,WAVAX,436757.27731983096,,,,,,,21116384.926246617,,0.4997538966423723,-0.00024610335762770275,0.020683335658319212,0.4997417517414484
2022-06-07,Trader Joe,Avalanche,V1,USDC.e/WAVAX,USDC.e,11281947.09898,,WAVAX,458150.60404118494,,,,,,,22570674.146411445,,0.49984980624842074,-0.00015019375157926396,0.020298490026006918,0.4997815741428693
2022-06-08,Trader Joe,Avalanche,V1,USDC.e/WAVAX,USDC.e,11850030.652303,,WAVAX,484647.4493777474,,,,,,,23711716.546548244,,0.4997542303207075,-0.0002457696792925179,0.02043915498172984,0.4998497038883106
2022-06-10,Trader Joe,Avalanche,V1,USDC.e/WAVAX,USDC.e,9499808.717861,,WAVAX,430685.1090827765,,,,,,,19006115.635995355,,0.4998290497543578,-0.0001709502456421763,0.022660343508965577,0.4998616124102441
2022-06-11,Trader Joe,Avalanche,V1,USDC.e/WAVAX,USDC.e,9194961.228097,,WAVAX,464388.0155715121,,,,,,,18399767.696055524,,0.49973246293039786,-0.00026753706960214174,0.025238797752379555,0.4998604510324976
2022-06-11,Trader Joe,Avalanche,V1,USDC.e/WAVAX,USDC.e,0.056146,,WAVAX,0.0028199408978103,,,,,,,0.1123839848612016,,0.4995907563639285,-0.00040924363607147685,0.025092017348317307,0.49975939862682556
2022-06-12,Trader Joe,Avalanche,V1,USDC.e/WAVAX,USDC.e,8620638.450061,,WAVAX,499244.75158714567,,,,,,,17258878.25003,,0.49949007839174114,-0.0005099216082588565,0.028926836631823268,0.499714325807418
2022-06-12,Trader Joe,Avalanche,V1,USDC.e/WAVAX,USDC.e,0.070983,,WAVAX,0.0048719423317757,,,,,,,0.1420590406220105,,0.49967252833187137,-0.0003274716681286316,0.034295193818314765,0.4997027017630607
2022-06-14,Trader Joe,Avalanche,V1,USDC.e/WAVAX,USDC.e,7416062.000477,,WAVAX,448096.3550654716,,,,,,,14844383.174893126,,0.49958707701779553,-0.00041292298220446666,0.03018625629546899,0.4996651690158286
2022-06-15,Trader Joe,Avalanche,V1,USDC.e/WAVAX,USDC.e,7612803.311219,,WAVAX,416774.2740574387,,,,,,,15229173.451297153,,0.49988289486390847,-0.00011710513609153317,0.02736683480494076,0.49968354966485723
2022-06-16,Trader Joe,Avalanche,V1,USDC.e/WAVAX,USDC.e,5658153.902324,,WAVAX,359644.47694158385,,,,,,,11317595.987113249,,0.49994308939518983,-5.691060481016752e-05,0.031777462046806766,0.499699841042119
2022-06-17,Trader Joe,Avalanche,V1,USDC.e/WAVAX,USDC.e,5744962.894514,,WAVAX,358712.7116035876,,,,,,,11496752.684932634,,0.4997030946002004,-0.0002969053997995963,0.031201220156167036,0.49969564556637647
2022-06-19,Trader Joe,Avalanche,V1,USDC.e/WAVAX,USDC.e,5826435.039656,,WAVAX,360135.31009488576,,,,,,,11668781.079498198,,0.49931822355403715,-0.000681776445962845,0.030863147370862574,0.49965671230782055
2022-06-20,Trader Joe,Avalanche,V1,USDC.e/WAVAX,USDC.e,3853159.436073,,WAVAX,224950.4954756416,,,,,,,7718724.545911201,,0.4991963909521961,-0.0008036090478039104,0.029143480135562477,0.4996147569593141
2022-06-21,Trader Joe,Avalanche,V1,USDC.e/WAVAX,USDC.e,3873711.810006,,WAVAX,229209.38527148947,,,,,,,7761572.895213508,,0.4990885046502473,-0.0009114953497527112,0.02953130613678071,0.4995313250047964
2022-06-22,Trader Joe,Avalanche,V1,USDC.e/WAVAX,USDC.e,3783649.250754,,WAVAX,235262.8224432856,,,,,,,7582016.124403223,,0.4990294386971921,-0.0009705613028079263,0.031029058575340742,0.4994516623875673
2022-06-23,Trader Joe,Avalanche,V1,USDC.e/WAVAX,USDC.e,4026817.028436,,WAVAX,220531.2263701502,,,,,,,8065015.083719369,,0.4992944199899673,-0.0007055800100326803,0.027344180275041357,0.49936759454843294
2022-06-24,Trader Joe,Avalanche,V1,USDC.e/WAVAX,USDC.e,4224962.671627,,WAVAX,206032.32417630943,,,,,,,8455005.758648697,,0.49969956168335544,-0.0003004383166445579,0.024368087977415888,0.49933280487531373
2022-06-25,Trader Joe,Avalanche,V1,USDC.e/WAVAX,USDC.e,3942967.976677,,WAVAX,185003.8393510832,,,,,,,7908170.198245186,,0.4985942231683304,-0.0014057768316695918,0.023394013370139067,0.49917439467076086
2022-06-26,Trader Joe,Avalanche,V1,USDC.e/WAVAX,USDC.e,3650552.471956,,WAVAX,185559.018574625,,,,,,,7306256.014718896,,0.4996474890288187,-0.0003525109711812746,0.025397278469411023,0.49922143259572965
2022-06-27,Trader Joe,Avalanche,V1,USDC.e/WAVAX,USDC.e,3622614.912539,,WAVAX,187713.84311701832,,,,,,,7254784.685457757,,0.4993414787072241,-0.0006585212927758821,0.025874488528004343,0.4992421594178765
2022-06-28,Trader Joe,Avalanche,V1,USDC.e/WAVAX,USDC.e,3451993.017193,,WAVAX,191074.33627064407,,,,,,,6915175.016153775,,0.49919098347173874,-0.0008090165282612638,0.027631164189524698,0.4992567992495181
2022-06-30,Trader Joe,Avalanche,V1,USDC.e/WAVAX,USDC.e,3409760.959459,,WAVAX,200926.13621075687,,,,,,,6823729.561547104,,0.4996916904025025,-0.00030830959749750253,0.02944520799051158,0.49935140663599104
2022-07-01,Trader Joe,Avalanche,V1,USDC.e/WAVAX,USDC.e,4019918.082593,,WAVAX,250142.44510214287,,,,,,,8054765.618349165,,0.4990732534085688,-0.0009267465914312156,0.031055210909216983,0.4993198114100769
2022-07-02,Trader Joe,Avalanche,V1,USDC.e/WAVAX,USDC.e,4061649.651406,,WAVAX,248551.9230401048,,,,,,,8133908.830422977,,0.49934782108871845,-0.0006521789112815535,0.030557500486169044,0.4992695627537003
2022-07-03,Trader Joe,Avalanche,V1,USDC.e/WAVAX,USDC.e,3728336.066148,,WAVAX,224403.5713197352,,,,,,,7473095.787477565,,0.49890114782088796,-0.001098852179112042,0.030028194164961903,0.499313409132637
2022-07-05,Trader Joe,Avalanche,V1,USDC.e/WAVAX,USDC.e,3901511.051874,,WAVAX,215815.77776577044,,,,,,,7803084.48788382,,0.499996002597696,-3.997402304001252e-06,0.02765775227743295,0.49936319678533375
2022-07-06,Trader Joe,Avalanche,V1,USDC.e/WAVAX,USDC.e,4768188.600425,,WAVAX,249464.11905670128,,,,,,,9552650.676943436,,0.4991482219624803,-0.0008517780375196793,0.026114648959038703,0.49933558867894184
2022-07-07,Trader Joe,Avalanche,V1,USDC.e/WAVAX,USDC.e,4880319.993139,,WAVAX,241125.85055747256,,,,,,,9768736.793627027,,0.4995855755191239,-0.0004144244808760855,0.02468342178231062,0.49939195897142546
2022-07-08,Trader Joe,Avalanche,V1,USDC.e/WAVAX,USDC.e,4788857.685074,,WAVAX,242531.758780347,,,,,,,9586176.414446652,,0.49955868513509194,-0.00044131486490806004,0.025300156005354176,0.4993729582189382
2022-07-09,Trader Joe,Avalanche,V1,USDC.e/WAVAX,USDC.e,4799079.232309,,WAVAX,240814.86859831063,,,,,,,9595196.111493038,,0.5001543664710205,0.00015436647102051726,0.025097441031962316,0.49952740294214554
2022-07-10,Trader Joe,Avalanche,V1,USDC.e/WAVAX,USDC.e,4694116.933424,,WAVAX,244889.11150551648,,,,,,,9379240.0231002,,0.500479454823933,0.0004794548239329677,0.026109696617463388,0.499689064904319
2022-07-12,Trader Joe,Avalanche,V1,USDC.e/WAVAX,USDC.e,3582068.642751,,WAVAX,213826.9042400104,,,,,,,7173601.319508286,,0.49934035684555333,-0.0006596431544466652,0.029807469737482866,0.49975180905069977
2022-07-13,Trader Joe,Avalanche,V1,USDC.e/WAVAX,USDC.e,3867301.931433,,WAVAX,205563.4094441804,,,,,,,7736089.071253347,,0.4999040078020258,-9.599219797418179e-05,0.0265720065463099,0.49973866693703267
2022-07-15,Trader Joe,Avalanche,V1,USDC.e/WAVAX,USDC.e,3727815.109943,,WAVAX,192241.47857759177,,,,,,,7460043.09503361,,0.49970423259682323,-0.0002957674031767721,0.02576948633253514,0.49981809702765306
2022-07-16,Trader Joe,Avalanche,V1,USDC.e/WAVAX,USDC.e,3869498.899465,,WAVAX,182257.61811583387,,,,,,,7745371.623500877,,0.4995885397834535,-0.0004114602165464776,0.023531165058992245,0.4998185204939859
2022-07-18,Trader Joe,Avalanche,V1,USDC.e/WAVAX,USDC.e,3968077.424813,,WAVAX,165605.73145743512,,,,,,,7952452.182485592,,0.4989753265731365,-0.0010246734268635205,0.020824486291431424,0.4997351835565637
2022-07-19,Trader Joe,Avalanche,V1,USDC.e/WAVAX,USDC.e,4985862.805485,,WAVAX,201119.43393323556,,,,,,,9953694.96716364,,0.500905726158268,0.0009057261582680054,0.020205505050808852,0.49984252065474194
2022-07-20,Trader Joe,Avalanche,V1,USDC.e/WAVAX,USDC.e,4963895.053779,,WAVAX,210193.9957352189,,,,,,,9933631.372606002,,0.4997059854131436,-0.0002940145868564059,0.02115983449062458,0.4997320250246292
2022-07-21,Trader Joe,Avalanche,V1,USDC.e/WAVAX,USDC.e,5074503.219676,,WAVAX,203113.44435140007,,,,,,,10163024.144211566,,0.49931035759333753,-0.0006896424066624718,0.01998553200988753,0.4997277394171698
2022-07-23,Trader Joe,Avalanche,V1,USDC.e/WAVAX,USDC.e,4696702.143109,,WAVAX,198528.4573277085,,,,,,,9400404.340491906,,0.4996276727031968,-0.00037232729680319876,0.021119140213209153,0.4996882629744799
2022-07-24,Trader Joe,Avalanche,V1,USDC.e/WAVAX,USDC.e,4715808.959782,,WAVAX,197677.63493014203,,,,,,,9437598.743599791,,0.49968313846571155,-0.00031686153428844843,0.020945755408832065,0.49968524952717824
2022-07-26,Trader Joe,Avalanche,V1,USDC.e/WAVAX,USDC.e,4319127.191713,,WAVAX,208960.44056552087,,,,,,,8640540.559541307,,0.4998677064183916,-0.00013229358160837812,0.024183723127689797,0.49972513047502654
2022-07-27,Trader Joe,Avalanche,V1,USDC.e/WAVAX,USDC.e,4595919.088336,,WAVAX,196212.00313756007,,,,,,,9192362.472160898,,0.49997148200527963,-2.8517994720367312e-05,0.021345111632813524,0.4998674383939041
2022-07-28,Trader Joe,Avalanche,V1,USDC.e/WAVAX,USDC.e,4438739.806706,,WAVAX,183541.3854729492,,,,,,,8883360.633602444,,0.49966898674763927,-0.00033101325236073453,0.02066125569400847,0.4996907613352429
2022-07-29,Trader Joe,Avalanche,V1,USDC.e/WAVAX,USDC.e,4399308.241045,,WAVAX,179218.91795347125,,,,,,,8792611.237596594,,0.5003414938026447,0.000341493802644699,0.020382900268255195,0.4997815482480288
2022-07-31,Trader Joe,Avalanche,V1,USDC.e/WAVAX,USDC.e,4313517.369833,,WAVAX,181791.15178498792,,,,,,,8627522.143133657,,0.49997175298657187,-2.8247013428128742e-05,0.021071073335890436,0.4998760333042051
