level_0,index,# TXs,Agg. # TXs,Unique Senders,Unique Receivers,Unique Users,Vol (Native),Agg. Vol (Native),Mints (Native),Burns (Native),Supply (Native),token,date,chain,supply_ntv
5855,7257,2604.0,21895.0,537.0,536.0,631.0,170563379.8,863252641.3,7753089.198,-2625949.044,115691381.2,USDC.e,2021-09-01,avalanche,115691381.2
5861,7256,2752.0,24647.0,600.0,595.0,695.0,240238365.2,1103491007.0,3935534.313,-2760821.281,116866094.2,USDC.e,2021-09-02,avalanche,116866094.2
5902,7255,3014.0,27661.0,606.0,625.0,725.0,151787515.5,1255278522.0,13850111.62,-1440702.724,129275503.1,USDC.e,2021-09-03,avalanche,129275503.1
5927,7254,2280.0,29941.0,463.0,488.0,572.0,151680029.4,1406958551.0,13329621.17,-7358540.827,135246583.4,USDC.e,2021-09-04,avalanche,135246583.4
5948,7253,2139.0,32080.0,445.0,468.0,553.0,75319305.9,1482277857.0,1827366.291,-5605238.041,131468711.7,USDC.e,2021-09-05,avalanche,131468711.7
5968,7252,3180.0,35260.0,599.0,615.0,709.0,224357837.1,1706635694.0,2767500.927,-18066950.24,116169262.4,USDC.e,2021-09-06,avalanche,116169262.4
5982,7251,4797.0,40057.0,704.0,713.0,852.0,323949119.9,2030584814.0,3761220.427,-15086081.13,104844401.7,USDC.e,2021-09-07,avalanche,104844401.7
6020,7250,3552.0,43609.0,593.0,616.0,722.0,323811505.7,2354396320.0,52619753.63,-2302667.14,155161488.2,USDC.e,2021-09-08,avalanche,155161488.2
6039,7249,4179.0,47788.0,637.0,681.0,785.0,183939426.3,2538335746.0,5218822.446,-14985021.35,145395289.3,USDC.e,2021-09-09,avalanche,145395289.3
6050,7248,6032.0,53820.0,748.0,827.0,921.0,242268853.7,2780604600.0,14222635.02,-10843749.15,148774175.1,USDC.e,2021-09-10,avalanche,148774175.1
6094,7247,7579.0,61399.0,1205.0,1466.0,1583.0,135838604.3,2916443204.0,8143278.096,-2225415.299,154692037.9,USDC.e,2021-09-11,avalanche,154692037.9
6104,7246,9182.0,70581.0,1507.0,1739.0,1950.0,299939903.9,3216383108.0,20817654.04,-1915910.244,173593781.7,USDC.e,2021-09-12,avalanche,173593781.7
6122,7245,7743.0,78324.0,1118.0,1206.0,1459.0,214339464.6,3430722573.0,7191896.779,-2552713.424,178232965.1,USDC.e,2021-09-13,avalanche,178232965.1
6152,7244,5921.0,84245.0,1016.0,1038.0,1254.0,152589388.2,3583311961.0,40938663.38,-2999688.173,216171940.3,USDC.e,2021-09-14,avalanche,216171940.3
6180,7243,5823.0,90068.0,1141.0,1136.0,1351.0,241588796.8,3824900758.0,8614005.237,-5018910.88,219767034.6,USDC.e,2021-09-15,avalanche,219767034.6
6210,7242,7490.0,97558.0,1331.0,1542.0,1732.0,268890507.6,4093791265.0,19257753.95,-3049468.648,235975319.9,USDC.e,2021-09-16,avalanche,235975319.9
6236,7241,6879.0,104437.0,1310.0,1434.0,1655.0,370879160.0,4464670425.0,22441750.81,-4626634.803,253790435.9,USDC.e,2021-09-17,avalanche,253790435.9
6245,7240,8587.0,113024.0,1718.0,1868.0,2087.0,424676455.8,4889346881.0,22585981.04,-2644358.342,273732058.6,USDC.e,2021-09-18,avalanche,273732058.6
6275,7239,8291.0,121315.0,1554.0,1715.0,1952.0,505207180.0,5394554061.0,34110415.59,-3925453.241,303917021.0,USDC.e,2021-09-19,avalanche,303917021.0
6293,7238,12183.0,133498.0,1791.0,1973.0,2305.0,429494469.7,5824048531.0,15915084.03,-17144112.46,302687992.6,USDC.e,2021-09-20,avalanche,302687992.6
6334,7237,11434.0,144932.0,1614.0,1740.0,2114.0,286347071.9,6110395603.0,19390416.69,-13210694.12,308867715.1,USDC.e,2021-09-21,avalanche,308867715.1
6338,7236,9679.0,154611.0,1671.0,1677.0,2074.0,243858401.1,6354254004.0,31541605.82,-15626064.21,324783256.7,USDC.e,2021-09-22,avalanche,324783256.7
6361,7235,9223.0,163834.0,1752.0,1892.0,2228.0,255860556.2,6610114560.0,73941818.11,-7565662.389,391159412.5,USDC.e,2021-09-23,avalanche,391159412.5
6405,7234,10563.0,174397.0,1827.0,1866.0,2253.0,303641392.3,6913755952.0,30453532.33,-8644373.622,412968571.2,USDC.e,2021-09-24,avalanche,412968571.2
6427,7233,10929.0,185326.0,1734.0,1830.0,2107.0,153799798.3,7067555751.0,9442212.357,-5667091.154,416743692.4,USDC.e,2021-09-25,avalanche,416743692.4
6436,7232,8929.0,194255.0,1602.0,1646.0,1949.0,129790012.5,7197345763.0,7229861.338,-11222323.75,412751230.0,USDC.e,2021-09-26,avalanche,412751230.0
6460,7231,8889.0,203144.0,1740.0,1780.0,2132.0,121198025.3,7318543789.0,13881490.49,-5532418.439,421100302.0,USDC.e,2021-09-27,avalanche,421100302.0
6494,7230,10461.0,213605.0,1884.0,1951.0,2271.0,208973512.9,7527517302.0,15281908.17,-4468524.885,431913685.3,USDC.e,2021-09-28,avalanche,431913685.3
6515,7229,11516.0,225121.0,2023.0,2048.0,2438.0,172986484.2,7700503786.0,16233172.65,-11758253.76,436388604.2,USDC.e,2021-09-29,avalanche,436388604.2
6529,7228,9747.0,234868.0,1892.0,1916.0,2289.0,174462380.3,7874966166.0,14812292.07,-9440926.936,441759969.3,USDC.e,2021-09-30,avalanche,441759969.3
6565,7227,15085.0,249953.0,2185.0,2177.0,2567.0,151445698.8,8026411865.0,12719821.83,-8954214.88,445525576.2,USDC.e,2021-10-01,avalanche,445525576.2
6585,7226,10506.0,260459.0,1822.0,1914.0,2228.0,117669610.4,8144081475.0,12507042.06,-7380312.067,450652306.2,USDC.e,2021-10-02,avalanche,450652306.2
6601,7225,8714.0,269173.0,1607.0,1655.0,2001.0,105298320.8,8249379796.0,2258060.824,-10626557.55,442283809.5,USDC.e,2021-10-03,avalanche,442283809.5
6625,7224,19745.0,288918.0,3307.0,3353.0,3788.0,1134050194.0,9383429990.0,75813974.73,-116923396.8,401174387.4,USDC.e,2021-10-04,avalanche,401174387.4
6662,7223,19467.0,308385.0,3488.0,3499.0,4016.0,658601656.8,10042031646.0,37213168.12,-23625097.58,414762458.0,USDC.e,2021-10-05,avalanche,414762458.0
6678,7222,20372.0,328757.0,3516.0,3553.0,4058.0,696507209.9,10738538856.0,45113866.31,-38472696.74,421403627.5,USDC.e,2021-10-06,avalanche,421403627.5
6710,7221,17240.0,345997.0,2991.0,3035.0,3468.0,682153599.8,11420692456.0,58299349.29,-25081753.24,454621223.6,USDC.e,2021-10-07,avalanche,454621223.6
6738,7220,18139.0,364136.0,3166.0,3311.0,3737.0,925561836.1,12346254292.0,83642960.46,-14358515.84,523905668.2,USDC.e,2021-10-08,avalanche,523905668.2
6762,7219,11554.0,375690.0,2394.0,2486.0,2859.0,592843753.7,12939098046.0,32154134.86,-10198686.57,545861116.5,USDC.e,2021-10-09,avalanche,545861116.5
6775,7218,12383.0,388073.0,2258.0,2446.0,2755.0,395378282.4,13334476328.0,15607860.74,-6019296.909,555449680.3,USDC.e,2021-10-10,avalanche,555449680.3
6794,7217,15741.0,403814.0,2652.0,2707.0,3123.0,1130937725.0,14465414053.0,56229417.15,-19919537.93,591759559.6,USDC.e,2021-10-11,avalanche,591759559.6
6839,7216,18486.0,422300.0,2811.0,2928.0,3281.0,1742155284.0,16207569337.0,58258428.64,-53838980.83,596179007.4,USDC.e,2021-10-12,avalanche,596179007.4
6848,7215,12655.0,434955.0,2210.0,2276.0,2631.0,1499364873.0,17706934211.0,44889185.6,-30680754.65,610387438.3,USDC.e,2021-10-13,avalanche,610387438.3
6882,7214,12857.0,447812.0,2393.0,2479.0,2835.0,911187755.5,18618121966.0,56243434.36,-13549701.48,653081171.2,USDC.e,2021-10-14,avalanche,653081171.2
6896,7213,15217.0,463029.0,2542.0,2604.0,2992.0,1032518900.0,19650640866.0,64473964.64,-15482276.89,702072859.0,USDC.e,2021-10-15,avalanche,702072859.0
6922,7212,16853.0,479882.0,2520.0,2665.0,2956.0,844132032.1,20494772899.0,11006677.22,-27114575.32,685964960.9,USDC.e,2021-10-16,avalanche,685964960.9
6943,7211,13652.0,493534.0,2282.0,2429.0,2740.0,740413108.0,21235186006.0,5048313.289,-18326515.66,672686758.5,USDC.e,2021-10-17,avalanche,672686758.5
6966,7210,14658.0,508192.0,2778.0,2914.0,3267.0,930550430.4,22165736437.0,14504706.1,-33321519.94,653869944.7,USDC.e,2021-10-18,avalanche,653869944.7
6988,7209,12885.0,521077.0,2420.0,2611.0,2946.0,665830164.8,22831566602.0,17211085.56,-33163233.7,637917796.5,USDC.e,2021-10-19,avalanche,637917796.5
7021,7208,17406.0,538483.0,3058.0,3164.0,3578.0,1340801301.0,24172367903.0,38163998.84,-30442777.72,645639017.6,USDC.e,2021-10-20,avalanche,645639017.6
7043,7207,20478.0,558961.0,3279.0,3494.0,3876.0,1406109064.0,25578476967.0,50689022.44,-50339909.39,645988130.7,USDC.e,2021-10-21,avalanche,645988130.7
7076,7206,22902.0,581863.0,3580.0,3942.0,4365.0,959385640.6,26537862607.0,22725639.72,-12294607.57,656419162.8,USDC.e,2021-10-22,avalanche,656419162.8
7091,7205,18538.0,600401.0,3150.0,3355.0,3785.0,1580003051.0,28117865659.0,26993271.07,-12017655.56,671394778.3,USDC.e,2021-10-23,avalanche,671394778.3
7110,7204,14655.0,615056.0,2707.0,2890.0,3279.0,1091536551.0,29209402209.0,7191032.685,-47415554.21,631170256.8,USDC.e,2021-10-24,avalanche,631170256.8
7133,7203,16848.0,631904.0,3370.0,3516.0,3995.0,1451757564.0,30661159773.0,44104610.05,-12654590.51,662620276.4,USDC.e,2021-10-25,avalanche,662620276.4
7155,7202,23637.0,655541.0,4035.0,4442.0,4929.0,1882662730.0,32543822504.0,24550778.29,-19144723.9,668026330.7,USDC.e,2021-10-26,avalanche,668026330.7
7179,7201,22408.0,677949.0,3481.0,3565.0,4158.0,2905682094.0,35449504597.0,17205734.0,-19114558.37,666117506.4,USDC.e,2021-10-27,avalanche,666117506.4
7217,7200,18051.0,696000.0,3272.0,3217.0,3799.0,1247858023.0,36697362621.0,24023524.44,-12168825.26,677972205.6,USDC.e,2021-10-28,avalanche,677972205.6
7243,7199,17180.0,713180.0,3044.0,3196.0,3671.0,1546595986.0,38243958606.0,54310971.98,-69404886.44,662878291.1,USDC.e,2021-10-29,avalanche,662878291.1
7264,7198,14094.0,727274.0,2750.0,2890.0,3333.0,846908119.8,39090866726.0,20469328.11,-15250351.68,668097267.5,USDC.e,2021-10-30,avalanche,668097267.5
7278,7197,14901.0,742175.0,2657.0,2711.0,3201.0,1229984402.0,40320851128.0,8120920.159,-28038400.77,648179786.9,USDC.e,2021-10-31,avalanche,648179786.9
7313,7196,17079.0,759254.0,2735.0,2941.0,3367.0,1655328724.0,41976179852.0,25366359.3,-22589658.54,650956487.7,USDC.e,2021-11-01,avalanche,650956487.7
7340,7195,19546.0,778800.0,3216.0,3436.0,3916.0,1060266207.0,43036446059.0,23432796.31,-17713030.51,656676253.5,USDC.e,2021-11-02,avalanche,656676253.5
7347,7194,21271.0,800071.0,3444.0,3778.0,4264.0,1314585947.0,44351032006.0,30293356.62,-65932077.43,621037532.7,USDC.e,2021-11-03,avalanche,621037532.7
7383,7193,22304.0,822375.0,3558.0,3978.0,4430.0,1183095984.0,45534127990.0,45384119.56,-14961240.02,651460412.2,USDC.e,2021-11-04,avalanche,651460412.2
7411,7192,17960.0,840335.0,3227.0,3500.0,4065.0,732461642.5,46266589632.0,13848450.7,-25112538.09,640196324.8,USDC.e,2021-11-05,avalanche,640196324.8
7438,7191,19133.0,859468.0,2777.0,2927.0,3450.0,7868507235.0,54135096867.0,21446736.16,-9340625.659,652302435.3,USDC.e,2021-11-06,avalanche,652302435.3
7440,7190,23611.0,883079.0,3642.0,4061.0,4536.0,1267809271.0,55402906138.0,21569381.6,-14946091.61,658925725.3,USDC.e,2021-11-07,avalanche,658925725.3
7486,7189,38113.0,921192.0,5700.0,6035.0,6781.0,2943981445.0,58346887583.0,179936076.5,-15676121.31,823185680.5,USDC.e,2021-11-08,avalanche,823185680.5
7502,7188,24377.0,945569.0,4657.0,4987.0,5708.0,2231869031.0,60578756614.0,83223800.18,-26596196.41,879813284.3,USDC.e,2021-11-09,avalanche,879813284.3
7529,7187,28295.0,973864.0,5119.0,5198.0,6164.0,2048687464.0,62627444077.0,24666234.03,-56664180.67,847815337.6,USDC.e,2021-11-10,avalanche,847815337.6
7558,7186,23487.0,997351.0,4900.0,5228.0,6189.0,1391200066.0,64018644143.0,29371143.16,-42799388.88,834387091.9,USDC.e,2021-11-11,avalanche,834387091.9
7579,7185,23939.0,1021290.0,4295.0,4437.0,5222.0,1203722669.0,65222366812.0,32793916.19,-19364143.47,847816864.6,USDC.e,2021-11-12,avalanche,847816864.6
7603,7184,24610.0,1045900.0,4684.0,4898.0,5843.0,1234515145.0,66456881957.0,27897066.07,-32084114.74,843629815.9,USDC.e,2021-11-13,avalanche,843629815.9
7630,7183,23834.0,1069734.0,4469.0,4782.0,5553.0,1219908060.0,67676790016.0,19391513.44,-17824917.05,845196412.3,USDC.e,2021-11-14,avalanche,845196412.3
7646,7182,28785.0,1098519.0,5454.0,5710.0,6561.0,1443036935.0,69119826951.0,29420568.46,-30793304.54,843823676.3,USDC.e,2021-11-15,avalanche,843823676.3
7666,7181,32050.0,1130569.0,5116.0,5317.0,6163.0,2366067635.0,71485894586.0,129379431.9,-25576113.15,947626995.0,USDC.e,2021-11-16,avalanche,947626995.0
7702,7180,32688.0,1163257.0,5534.0,5938.0,6771.0,1476706250.0,72962600836.0,59184677.72,-17439876.51,989371796.2,USDC.e,2021-11-17,avalanche,989371796.2
7707,7179,32644.0,1195901.0,6190.0,6395.0,7440.0,1583625686.0,74546226522.0,71511139.67,-54223997.22,1006658939.0,USDC.e,2021-11-18,avalanche,1006658939.0
7728,7178,26245.0,1222146.0,5264.0,5367.0,6283.0,1061127047.0,75607353569.0,35516283.96,-17788867.79,1024386355.0,USDC.e,2021-11-19,avalanche,1024386355.0
7768,7177,30481.0,1252627.0,5720.0,6488.0,7248.0,1650403230.0,77257756799.0,134554443.3,-38220191.66,1120720606.0,USDC.e,2021-11-20,avalanche,1120720606.0
7782,7176,36321.0,1288948.0,6518.0,7156.0,8095.0,2208446584.0,79466203383.0,90486973.95,-25606657.17,1185600923.0,USDC.e,2021-11-21,avalanche,1185600923.0
7822,7175,32465.0,1321413.0,6260.0,6705.0,7818.0,2295893026.0,81762096409.0,75757941.65,-25313079.47,1236045785.0,USDC.e,2021-11-22,avalanche,1236045785.0
7826,7174,31516.0,1352929.0,6639.0,6736.0,7990.0,2296897273.0,84058993682.0,51138950.54,-40831449.72,1246353286.0,USDC.e,2021-11-23,avalanche,1246353286.0
7856,7173,32084.0,1385013.0,6468.0,6513.0,7730.0,3072120864.0,87131114546.0,179620753.0,-29351361.16,1396622678.0,USDC.e,2021-11-24,avalanche,1396622678.0
7888,7172,32202.0,1417215.0,5747.0,6008.0,7030.0,2266832101.0,89397946647.0,95053419.08,-67169614.26,1424506483.0,USDC.e,2021-11-25,avalanche,1424506483.0
7896,7171,37450.0,1454665.0,6509.0,6805.0,8051.0,2513727286.0,91911673933.0,47610142.93,-44709725.47,1427406900.0,USDC.e,2021-11-26,avalanche,1427406900.0
7930,7170,27516.0,1482181.0,5140.0,5358.0,6322.0,2343322758.0,94254996692.0,48564017.77,-36393213.34,1439577705.0,USDC.e,2021-11-27,avalanche,1439577705.0
7967,7169,25708.0,1507889.0,4815.0,5128.0,6034.0,1564719168.0,95819715859.0,24150850.97,-39544667.88,1424183888.0,USDC.e,2021-11-28,avalanche,1424183888.0
7983,7168,25433.0,1533322.0,5347.0,5583.0,6604.0,1647884521.0,97467600380.0,27054678.47,-20145146.98,1431093419.0,USDC.e,2021-11-29,avalanche,1431093419.0
7994,7167,28980.0,1562302.0,5403.0,5719.0,6630.0,1949648985.0,99417249366.0,54194164.39,-49865168.66,1435422415.0,USDC.e,2021-11-30,avalanche,1435422415.0
8039,7166,26317.0,1588619.0,5566.0,5862.0,6750.0,2539964083.0,101957000000.0,84761958.92,-40015177.05,1480169197.0,USDC.e,2021-12-01,avalanche,1480169197.0
8049,7165,38186.0,1626805.0,6154.0,8352.0,9233.0,2197570157.0,104155000000.0,63839077.5,-43000786.42,1501007488.0,USDC.e,2021-12-02,avalanche,1501007488.0
8075,7164,37418.0,1664223.0,6658.0,8895.0,9963.0,2068235750.0,106223000000.0,42126644.3,-36049678.98,1507084453.0,USDC.e,2021-12-03,avalanche,1507084453.0
8089,7163,46358.0,1710581.0,7802.0,9247.0,10503.0,2979440594.0,109202000000.0,42978406.11,-92675204.62,1457387655.0,USDC.e,2021-12-04,avalanche,1457387655.0
8118,7162,31820.0,1742401.0,5199.0,6541.0,7406.0,1832917168.0,111035000000.0,29126816.16,-43696266.52,1442818204.0,USDC.e,2021-12-05,avalanche,1442818204.0
8158,7161,37448.0,1779849.0,6109.0,7311.0,8329.0,1866520463.0,112902000000.0,59097333.58,-35296264.23,1466619274.0,USDC.e,2021-12-06,avalanche,1466619274.0
8181,7160,31732.0,1811581.0,6171.0,7135.0,8110.0,1151548682.0,114053000000.0,34285833.38,-35788404.51,1465116703.0,USDC.e,2021-12-07,avalanche,1465116703.0
8190,7159,31057.0,1842638.0,6654.0,7649.0,8665.0,1474985855.0,115528000000.0,36201740.77,-27612684.06,1473705759.0,USDC.e,2021-12-08,avalanche,1473705759.0
8214,7158,33018.0,1875656.0,6147.0,7575.0,8588.0,1572983301.0,117101000000.0,39391998.21,-42569937.93,1470527820.0,USDC.e,2021-12-09,avalanche,1470527820.0
8241,7157,37876.0,1913532.0,7147.0,8374.0,9477.0,1543627941.0,118645000000.0,35272757.23,-53654540.29,1452146037.0,USDC.e,2021-12-10,avalanche,1452146037.0
8272,7156,31242.0,1944774.0,6609.0,7501.0,8516.0,1749023140.0,120394000000.0,20063378.55,-151913346.6,1320296069.0,USDC.e,2021-12-11,avalanche,1320296069.0
8292,7155,24952.0,1969726.0,5608.0,6294.0,7281.0,778624967.1,121173000000.0,15485311.77,-28905443.58,1306875937.0,USDC.e,2021-12-12,avalanche,1306875937.0
8307,7154,31717.0,2001443.0,5981.0,7096.0,8125.0,1339827300.0,122513000000.0,38923651.23,-29146907.61,1316652680.0,USDC.e,2021-12-13,avalanche,1316652680.0
8333,7153,32195.0,2033638.0,6126.0,6574.0,7791.0,953979413.8,123466000000.0,33082663.83,-21345430.37,1328389914.0,USDC.e,2021-12-14,avalanche,1328389914.0
8373,7152,33998.0,2067636.0,6042.0,6839.0,7970.0,1536688269.0,125003000000.0,50511462.0,-133783397.1,1245117979.0,USDC.e,2021-12-15,avalanche,1245117979.0
8382,7151,32917.0,2100553.0,6098.0,6816.0,7985.0,1145073870.0,126148000000.0,46774555.61,-29314443.27,1262578091.0,USDC.e,2021-12-16,avalanche,1262578091.0
8412,7150,34210.0,2134763.0,6109.0,6875.0,8053.0,868759246.4,127017000000.0,44009498.13,-24171042.01,1282416547.0,USDC.e,2021-12-17,avalanche,1282416547.0
8425,7149,29544.0,2164307.0,5867.0,6285.0,7345.0,969967516.7,127987000000.0,50687734.49,-35008412.63,1298095869.0,USDC.e,2021-12-18,avalanche,1298095869.0
8468,7148,27800.0,2192107.0,5631.0,6058.0,7130.0,820029797.4,128807000000.0,27741638.23,-23032695.27,1302804812.0,USDC.e,2021-12-19,avalanche,1302804812.0
8476,7147,31074.0,2223181.0,6032.0,6338.0,7570.0,1321826030.0,130129000000.0,31995929.13,-20640472.76,1314160268.0,USDC.e,2021-12-20,avalanche,1314160268.0
8519,7146,32560.0,2255741.0,6512.0,6932.0,8181.0,1291646948.0,131420000000.0,41387716.38,-28871027.03,1326676958.0,USDC.e,2021-12-21,avalanche,1326676958.0
8534,7145,37715.0,2293456.0,8276.0,7884.0,10034.0,875893266.2,132296000000.0,23521005.61,-19687254.54,1330510709.0,USDC.e,2021-12-22,avalanche,1330510709.0
8550,7144,32465.0,2325921.0,6399.0,6619.0,7851.0,1093357050.0,133390000000.0,31169789.77,-23937298.31,1337743200.0,USDC.e,2021-12-23,avalanche,1337743200.0
8572,7143,25422.0,2351343.0,5098.0,5455.0,6434.0,894809572.1,134285000000.0,12852306.17,-17967379.68,1332628127.0,USDC.e,2021-12-24,avalanche,1332628127.0
8600,7142,17731.0,2369074.0,3854.0,4136.0,4880.0,459301238.0,134744000000.0,19998169.15,-4208312.659,1348417983.0,USDC.e,2021-12-25,avalanche,1348417983.0
8624,7141,20863.0,2389937.0,4366.0,4597.0,5382.0,607116880.2,135351000000.0,25798434.38,-17618606.14,1356597811.0,USDC.e,2021-12-26,avalanche,1356597811.0
8659,7140,25918.0,2415855.0,5608.0,5849.0,6864.0,751176854.0,136102000000.0,13268525.53,-14850237.22,1355016100.0,USDC.e,2021-12-27,avalanche,1355016100.0
8674,7139,31184.0,2447039.0,5328.0,5625.0,6590.0,851519701.7,136954000000.0,23148087.35,-24713060.83,1353451126.0,USDC.e,2021-12-28,avalanche,1353451126.0
8706,7138,25519.0,2472558.0,4867.0,4963.0,5913.0,1052378905.0,138006000000.0,10599418.66,-46094982.54,1317955562.0,USDC.e,2021-12-29,avalanche,1317955562.0
8717,7137,25078.0,2497636.0,5078.0,5280.0,6173.0,902117573.6,138908000000.0,19588645.45,-13942001.32,1323602206.0,USDC.e,2021-12-30,avalanche,1323602206.0
8743,7136,22392.0,2520028.0,4402.0,4627.0,5417.0,1017853639.0,139926000000.0,20267485.19,-34769010.0,1309100682.0,USDC.e,2021-12-31,avalanche,1309100682.0
8760,7135,17459.0,2537487.0,3811.0,4026.0,4755.0,555403741.0,140481000000.0,12743299.42,-14844621.34,1306999360.0,USDC.e,2022-01-01,avalanche,1306999360.0
8806,7134,21259.0,2558746.0,4578.0,4748.0,5596.0,752725004.1,141234000000.0,15404473.34,-5665629.611,1316738203.0,USDC.e,2022-01-02,avalanche,1316738203.0
8809,7133,24780.0,2583526.0,5058.0,5203.0,6176.0,863913538.4,142098000000.0,42856042.55,-34829048.15,1324765198.0,USDC.e,2022-01-03,avalanche,1324765198.0
8838,7132,24269.0,2607795.0,5212.0,5359.0,6345.0,728846519.1,142827000000.0,16456173.54,-19972800.09,1321248571.0,USDC.e,2022-01-04,avalanche,1321248571.0
8862,7131,33689.0,2641484.0,5958.0,6189.0,7220.0,862186067.4,143689000000.0,14170303.87,-21160786.5,1314258089.0,USDC.e,2022-01-05,avalanche,1314258089.0
8898,7130,30922.0,2672406.0,5915.0,5960.0,7065.0,841730647.3,144531000000.0,26046129.0,-49531355.74,1290772862.0,USDC.e,2022-01-06,avalanche,1290772862.0
8927,7129,34311.0,2706717.0,5777.0,6048.0,7053.0,882543040.4,145413000000.0,23739247.48,-39902043.95,1274610065.0,USDC.e,2022-01-07,avalanche,1274610065.0
8946,7128,28376.0,2735093.0,5036.0,5241.0,6175.0,698731540.9,146112000000.0,22146817.97,-15133820.81,1281623063.0,USDC.e,2022-01-08,avalanche,1281623063.0
8971,7127,23099.0,2758192.0,4195.0,4328.0,5143.0,553058312.0,146665000000.0,11526355.3,-18990435.48,1274158982.0,USDC.e,2022-01-09,avalanche,1274158982.0
8981,7126,25113.0,2783305.0,4517.0,4668.0,5582.0,783982994.2,147449000000.0,28139251.03,-25068651.12,1277229582.0,USDC.e,2022-01-10,avalanche,1277229582.0
9022,7125,23127.0,2806432.0,4629.0,4797.0,5693.0,754239583.2,148203000000.0,21054908.77,-18815340.35,1279469151.0,USDC.e,2022-01-11,avalanche,1279469151.0
9027,7124,23175.0,2829607.0,4835.0,5093.0,5963.0,494228414.9,148698000000.0,17067349.46,-14489026.76,1282047473.0,USDC.e,2022-01-12,avalanche,1282047473.0
9056,7123,22408.0,2852015.0,4671.0,4884.0,5695.0,480136135.0,149178000000.0,9422154.44,-10044585.24,1281425043.0,USDC.e,2022-01-13,avalanche,1281425043.0
9086,7122,24449.0,2876464.0,5344.0,5428.0,6327.0,683941218.6,149862000000.0,55436937.75,-18029145.42,1318832835.0,USDC.e,2022-01-14,avalanche,1318832835.0
9105,7121,28555.0,2905019.0,6256.0,6558.0,7410.0,699986716.9,150562000000.0,51023964.95,-12126633.88,1357730166.0,USDC.e,2022-01-15,avalanche,1357730166.0
9128,7120,29131.0,2934150.0,6547.0,6822.0,7782.0,839844190.8,151402000000.0,95590386.45,-18496414.97,1434824138.0,USDC.e,2022-01-16,avalanche,1434824138.0
9145,7119,33648.0,2967798.0,7134.0,7823.0,8993.0,738067412.9,152140000000.0,37914363.58,-29803609.01,1442934892.0,USDC.e,2022-01-17,avalanche,1442934892.0
9176,7118,27378.0,2995176.0,6251.0,6404.0,7700.0,677344900.5,152817000000.0,33139125.15,-23349274.2,1452724743.0,USDC.e,2022-01-18,avalanche,1452724743.0
9204,7117,26125.0,3021301.0,5597.0,6040.0,7000.0,584803945.0,153402000000.0,32597983.18,-35526609.77,1449796116.0,USDC.e,2022-01-19,avalanche,1449796116.0
9233,7116,26055.0,3047356.0,5640.0,6014.0,7018.0,624233607.7,154026000000.0,24532089.21,-37997983.36,1436330222.0,USDC.e,2022-01-20,avalanche,1436330222.0
9244,7115,42383.0,3089739.0,7065.0,7600.0,8704.0,1084990066.0,155111000000.0,36126513.8,-31117342.42,1441339394.0,USDC.e,2022-01-21,avalanche,1441339394.0
9285,7114,50150.0,3139889.0,7912.0,8047.0,9332.0,1357678932.0,156469000000.0,44035219.99,-62086664.81,1423287949.0,USDC.e,2022-01-22,avalanche,1423287949.0
9295,7113,30210.0,3170099.0,5565.0,5611.0,6696.0,591155928.1,157060000000.0,19039827.76,-25547951.2,1416779825.0,USDC.e,2022-01-23,avalanche,1416779825.0
9315,7112,37686.0,3207785.0,5940.0,6332.0,7326.0,1041719210.0,158102000000.0,17027461.88,-47438749.95,1386368537.0,USDC.e,2022-01-24,avalanche,1386368537.0
9348,7111,28916.0,3236701.0,5227.0,5499.0,6514.0,791581454.5,158893000000.0,21787732.26,-44056621.48,1364099648.0,USDC.e,2022-01-25,avalanche,1364099648.0
9371,7110,37967.0,3274668.0,6073.0,6759.0,7784.0,987531271.4,159881000000.0,41890060.87,-34278168.77,1371711540.0,USDC.e,2022-01-26,avalanche,1371711540.0
9389,7109,47727.0,3322395.0,6935.0,9668.0,10705.0,1488635729.0,161369000000.0,105710777.9,-27877437.5,1449544881.0,USDC.e,2022-01-27,avalanche,1449544881.0
9409,7108,39905.0,3362300.0,6651.0,7350.0,8835.0,1060060515.0,162429000000.0,51121051.13,-31888287.86,1468777644.0,USDC.e,2022-01-28,avalanche,1468777644.0
9451,7107,37257.0,3399557.0,6695.0,7347.0,8755.0,886826965.5,163316000000.0,46800503.4,-14745130.95,1500833016.0,USDC.e,2022-01-29,avalanche,1500833016.0
9458,7106,28879.0,3428436.0,5649.0,6042.0,7412.0,1113059746.0,164429000000.0,64735133.28,-23630021.37,1541938128.0,USDC.e,2022-01-30,avalanche,1541938128.0
9503,7105,29961.0,3458397.0,5945.0,6575.0,8049.0,1350633655.0,165780000000.0,47753348.37,-24392503.7,1565298973.0,USDC.e,2022-01-31,avalanche,1565298973.0
9506,7104,35689.0,3494086.0,7020.0,7379.0,9083.0,1428526067.0,167208000000.0,66586058.27,-14748664.91,1617136366.0,USDC.e,2022-02-01,avalanche,1617136366.0
9536,7103,31375.0,3525461.0,5715.0,6473.0,7778.0,1197580416.0,168406000000.0,35719129.55,-11627985.65,1641227510.0,USDC.e,2022-02-02,avalanche,1641227510.0
9563,7102,29698.0,3555159.0,5801.0,6439.0,7788.0,1186812348.0,169593000000.0,54339967.1,-37984077.2,1657583400.0,USDC.e,2022-02-03,avalanche,1657583400.0
9587,7101,31512.0,3586671.0,6233.0,6839.0,8216.0,1112959881.0,170706000000.0,26106838.05,-18603275.47,1665086963.0,USDC.e,2022-02-04,avalanche,1665086963.0
9622,7100,28409.0,3615080.0,5664.0,6225.0,7438.0,838372145.1,171544000000.0,36500809.26,-21579810.89,1680007961.0,USDC.e,2022-02-05,avalanche,1680007961.0
9626,7099,28658.0,3643738.0,5542.0,6074.0,7282.0,975858824.3,172520000000.0,21540357.94,-21883643.68,1679664675.0,USDC.e,2022-02-06,avalanche,1679664675.0
9650,7098,37136.0,3680874.0,7251.0,9287.0,10858.0,1631524600.0,174151000000.0,50878508.14,-14108517.17,1716434666.0,USDC.e,2022-02-07,avalanche,1716434666.0
9679,7097,39453.0,3720327.0,6704.0,7688.0,9059.0,1389169407.0,175541000000.0,86707598.53,-29086902.97,1774055362.0,USDC.e,2022-02-08,avalanche,1774055362.0
9696,7096,31321.0,3751648.0,5934.0,6567.0,7945.0,1351259010.0,176892000000.0,39466432.23,-17223376.3,1796298418.0,USDC.e,2022-02-09,avalanche,1796298418.0
9741,7095,31116.0,3782764.0,6060.0,6819.0,8101.0,925086929.1,177817000000.0,45010941.05,-38191249.31,1803118110.0,USDC.e,2022-02-10,avalanche,1803118110.0
9751,7094,32007.0,3814771.0,6102.0,6946.0,8195.0,1134212772.0,178951000000.0,40832868.44,-15538222.6,1828412755.0,USDC.e,2022-02-11,avalanche,1828412755.0
9788,7093,28186.0,3842957.0,5466.0,5992.0,7262.0,862972262.3,179814000000.0,46660252.98,-20113821.45,1854959187.0,USDC.e,2022-02-12,avalanche,1854959187.0
9804,7092,22824.0,3865781.0,4941.0,5521.0,6692.0,865849483.8,180680000000.0,30058421.22,-9514994.819,1875502613.0,USDC.e,2022-02-13,avalanche,1875502613.0
9834,7091,24574.0,3890355.0,5106.0,5934.0,7153.0,1066624937.0,181747000000.0,22187527.42,-10275946.77,1887414194.0,USDC.e,2022-02-14,avalanche,1887414194.0
9858,7090,27567.0,3917922.0,6155.0,6761.0,8195.0,1140946534.0,182888000000.0,30337003.91,-70065434.42,1847685763.0,USDC.e,2022-02-15,avalanche,1847685763.0
9883,7089,29794.0,3947716.0,6148.0,7161.0,8430.0,1243038416.0,184131000000.0,33702681.89,-20439342.17,1860949103.0,USDC.e,2022-02-16,avalanche,1860949103.0
9889,7088,32442.0,3980158.0,6342.0,8144.0,9407.0,1232406325.0,185363000000.0,125509026.0,-29565761.61,1956892368.0,USDC.e,2022-02-17,avalanche,1956892368.0
9917,7087,27630.0,4007788.0,5839.0,6993.0,8377.0,1389350950.0,186752000000.0,23701784.32,-11961104.5,1968633047.0,USDC.e,2022-02-18,avalanche,1968633047.0
9959,7086,32060.0,4039848.0,7834.0,9482.0,11429.0,765109643.9,187517000000.0,31892403.34,-15878495.82,1984646955.0,USDC.e,2022-02-19,avalanche,1984646955.0
9977,7085,29060.0,4068908.0,6383.0,6963.0,8932.0,945610510.8,188463000000.0,8758824.621,-15607528.18,1977798251.0,USDC.e,2022-02-20,avalanche,1977798251.0
9996,7084,33240.0,4102148.0,5886.0,6809.0,8324.0,1254798769.0,189718000000.0,20787944.29,-22799495.61,1975786700.0,USDC.e,2022-02-21,avalanche,1975786700.0
10021,7083,43748.0,4145896.0,8409.0,9197.0,11141.0,1346006705.0,191064000000.0,26806147.05,-31178747.36,1971414100.0,USDC.e,2022-02-22,avalanche,1971414100.0
10054,7082,38788.0,4184684.0,7513.0,8485.0,10276.0,1344319314.0,192408000000.0,45559501.9,-41449854.72,1975523747.0,USDC.e,2022-02-23,avalanche,1975523747.0
10062,7081,55254.0,4239938.0,9040.0,10593.0,12396.0,1674319073.0,194083000000.0,29691294.61,-63082265.29,1942132776.0,USDC.e,2022-02-24,avalanche,1942132776.0
10083,7080,35314.0,4275252.0,6347.0,6756.0,8394.0,1176210500.0,195259000000.0,20115221.35,-62165420.23,1900082577.0,USDC.e,2022-02-25,avalanche,1900082577.0
10119,7079,28070.0,4303322.0,5209.0,5850.0,7105.0,1044822891.0,196304000000.0,6467348.531,-10916732.54,1895633193.0,USDC.e,2022-02-26,avalanche,1895633193.0
10135,7078,34357.0,4337679.0,5836.0,6643.0,7924.0,1100889378.0,197404000000.0,6619984.513,-21699871.27,1880553307.0,USDC.e,2022-02-27,avalanche,1880553307.0
10153,7077,40012.0,4377691.0,7424.0,7944.0,9756.0,1305740210.0,198710000000.0,42238661.77,-19067361.16,1903724607.0,USDC.e,2022-02-28,avalanche,1903724607.0
10198,7076,39462.0,4417153.0,7595.0,11162.0,12653.0,1202873295.0,199913000000.0,46340235.18,-62965447.04,1887099395.0,USDC.e,2022-03-01,avalanche,1887099395.0
10206,7075,31262.0,4448415.0,7064.0,6956.0,9156.0,842792157.4,200756000000.0,11343645.11,-40238905.71,1858204135.0,USDC.e,2022-03-02,avalanche,1858204135.0
10224,7074,29937.0,4478352.0,6463.0,7041.0,8722.0,1069117310.0,201825000000.0,46815393.76,-33550175.69,1871469353.0,USDC.e,2022-03-03,avalanche,1871469353.0
10248,7073,34362.0,4512714.0,6980.0,7353.0,9241.0,727442015.0,202552000000.0,34445253.09,-25443288.26,1880471318.0,USDC.e,2022-03-04,avalanche,1880471318.0
10282,7072,24104.0,4536818.0,5744.0,5905.0,7532.0,643973262.5,203196000000.0,34659559.41,-12753992.42,1902376885.0,USDC.e,2022-03-05,avalanche,1902376885.0
10306,7071,23335.0,4560153.0,5312.0,5871.0,7206.0,661228798.1,203858000000.0,20865361.46,-22971220.96,1900271025.0,USDC.e,2022-03-06,avalanche,1900271025.0
10336,7070,27999.0,4588152.0,6111.0,6492.0,8010.0,834487561.9,204692000000.0,12741641.66,-19548418.94,1893464248.0,USDC.e,2022-03-07,avalanche,1893464248.0
10354,7069,25052.0,4613204.0,5094.0,5945.0,7230.0,687637973.9,205380000000.0,44594335.2,-23117404.57,1914941178.0,USDC.e,2022-03-08,avalanche,1914941178.0
10376,7068,28091.0,4641295.0,5844.0,6532.0,7988.0,960803839.5,206341000000.0,28354166.37,-21254590.46,1922040754.0,USDC.e,2022-03-09,avalanche,1922040754.0
10403,7067,23098.0,4664393.0,4896.0,5670.0,6859.0,643671669.5,206984000000.0,14116329.83,-13260891.49,1922896193.0,USDC.e,2022-03-10,avalanche,1922896193.0
10437,7066,25770.0,4690163.0,5512.0,5983.0,7415.0,600551714.3,207585000000.0,34388617.14,-40000767.38,1917284042.0,USDC.e,2022-03-11,avalanche,1917284042.0
10444,7065,18827.0,4708990.0,4458.0,5052.0,6112.0,684273381.1,208269000000.0,19998451.95,-25671368.27,1911611126.0,USDC.e,2022-03-12,avalanche,1911611126.0
10473,7064,20562.0,4729552.0,4939.0,5911.0,7008.0,633789106.4,208903000000.0,13958200.05,-8880041.871,1916689284.0,USDC.e,2022-03-13,avalanche,1916689284.0
10501,7063,23277.0,4752829.0,5281.0,5740.0,7200.0,701050390.5,209604000000.0,10292839.64,-11718396.82,1915263727.0,USDC.e,2022-03-14,avalanche,1915263727.0
10534,7062,22199.0,4775028.0,5026.0,5799.0,6989.0,1249826823.0,210854000000.0,39946263.78,-22071837.72,1933138153.0,USDC.e,2022-03-15,avalanche,1933138153.0
10542,7061,22784.0,4797812.0,4791.0,5565.0,6650.0,881777346.8,211736000000.0,19272017.33,-26716437.02,1925693733.0,USDC.e,2022-03-16,avalanche,1925693733.0
10563,7060,25327.0,4823139.0,5398.0,6310.0,7490.0,811693946.4,212547000000.0,43751307.82,-40675916.0,1928769125.0,USDC.e,2022-03-17,avalanche,1928769125.0
10591,7059,24576.0,4847715.0,5360.0,6202.0,7427.0,770546714.0,213318000000.0,53603819.06,-28721327.73,1953651617.0,USDC.e,2022-03-18,avalanche,1953651617.0
10625,7058,22692.0,4870407.0,5333.0,6417.0,7681.0,735848697.7,214054000000.0,36600896.85,-52652826.06,1937599687.0,USDC.e,2022-03-19,avalanche,1937599687.0
10654,7057,20817.0,4891224.0,5502.0,6484.0,7683.0,568757437.9,214622000000.0,35426368.02,-43895228.34,1929130827.0,USDC.e,2022-03-20,avalanche,1929130827.0
10674,7056,22966.0,4914190.0,5424.0,6112.0,7371.0,971270815.6,215594000000.0,25103327.42,-89103521.29,1865130633.0,USDC.e,2022-03-21,avalanche,1865130633.0
10697,7055,22534.0,4936724.0,5488.0,6072.0,7392.0,980525003.8,216574000000.0,18229195.28,-91836493.51,1791523335.0,USDC.e,2022-03-22,avalanche,1791523335.0
10707,7054,22952.0,4959676.0,5783.0,6156.0,7591.0,637999811.8,217212000000.0,12101804.14,-38725939.75,1764899199.0,USDC.e,2022-03-23,avalanche,1764899199.0
10745,7053,26220.0,4985896.0,6212.0,6757.0,8199.0,883584760.3,218096000000.0,18054301.6,-123809537.2,1659143964.0,USDC.e,2022-03-24,avalanche,1659143964.0
10753,7052,23603.0,5009499.0,5485.0,5957.0,7351.0,1324057074.0,219420000000.0,27807120.95,-180855936.6,1506095148.0,USDC.e,2022-03-25,avalanche,1506095148.0
10785,7051,17699.0,5027198.0,4490.0,5074.0,6051.0,543567666.8,219963000000.0,14934574.92,-85395631.6,1435634091.0,USDC.e,2022-03-26,avalanche,1435634091.0
10814,7050,17822.0,5045020.0,4573.0,5142.0,6152.0,553804569.9,220517000000.0,18106724.79,-9458206.273,1444282610.0,USDC.e,2022-03-27,avalanche,1444282610.0
10829,7049,25198.0,5070218.0,5968.0,6748.0,7998.0,1067641357.0,221585000000.0,11370646.48,-26727729.19,1428925527.0,USDC.e,2022-03-28,avalanche,1428925527.0
10853,7048,23226.0,5093444.0,5620.0,6059.0,7430.0,1056223086.0,222641000000.0,45504610.28,-50226747.77,1424203390.0,USDC.e,2022-03-29,avalanche,1424203390.0
10892,7047,23494.0,5116938.0,5213.0,5845.0,7107.0,644031150.2,223285000000.0,15759208.23,-24355510.93,1415607087.0,USDC.e,2022-03-30,avalanche,1415607087.0
10916,7046,24929.0,5141867.0,5346.0,5869.0,7101.0,660342133.6,223945000000.0,19056240.83,-40214699.83,1394448628.0,USDC.e,2022-03-31,avalanche,1394448628.0
10931,7045,22995.0,5164862.0,5201.0,5594.0,6821.0,1004942986.0,224950000000.0,33637517.65,-45615889.59,1382470256.0,USDC.e,2022-04-01,avalanche,1382470256.0
10966,7044,21584.0,5186446.0,5024.0,5478.0,6585.0,572775596.3,225523000000.0,9498299.029,-24874548.59,1367094007.0,USDC.e,2022-04-02,avalanche,1367094007.0
10973,7043,17979.0,5204425.0,4406.0,4817.0,5850.0,445553674.3,225969000000.0,17404086.89,-7702980.206,1376795113.0,USDC.e,2022-04-03,avalanche,1376795113.0
11000,7042,18748.0,5223173.0,4637.0,5191.0,6302.0,562679053.9,226531000000.0,7210255.981,-22108688.52,1361896681.0,USDC.e,2022-04-04,avalanche,1361896681.0
11038,7041,17757.0,5240930.0,4509.0,4971.0,6103.0,753034883.1,227284000000.0,23271762.48,-56118879.24,1329049564.0,USDC.e,2022-04-05,avalanche,1329049564.0
11058,7040,21960.0,5262890.0,4756.0,5075.0,6265.0,846582238.7,228131000000.0,17508874.47,-33406941.93,1313151496.0,USDC.e,2022-04-06,avalanche,1313151496.0
11080,7039,18898.0,5281788.0,4456.0,4705.0,5854.0,759666514.3,228891000000.0,13956052.81,-57440060.87,1269667488.0,USDC.e,2022-04-07,avalanche,1269667488.0
11107,7038,18358.0,5300146.0,4195.0,4650.0,5618.0,594955456.5,229486000000.0,17592542.9,-16924735.35,1270335296.0,USDC.e,2022-04-08,avalanche,1270335296.0
11127,7037,14171.0,5314317.0,3808.0,4117.0,5003.0,445863954.8,229931000000.0,9551590.921,-15830607.74,1264056279.0,USDC.e,2022-04-09,avalanche,1264056279.0
11140,7036,12937.0,5327254.0,3595.0,3801.0,4732.0,730910041.8,230662000000.0,41717486.92,-17544399.86,1288229366.0,USDC.e,2022-04-10,avalanche,1288229366.0
11165,7035,19537.0,5346791.0,4522.0,4790.0,5978.0,867029549.2,231529000000.0,47640393.11,-38307888.0,1297561871.0,USDC.e,2022-04-11,avalanche,1297561871.0
11186,7034,17874.0,5364665.0,4376.0,4638.0,5792.0,499249096.2,232029000000.0,17380915.52,-26419983.59,1288522803.0,USDC.e,2022-04-12,avalanche,1288522803.0
11212,7033,15249.0,5379914.0,3724.0,3948.0,4966.0,574332982.8,232603000000.0,72404538.55,-29821587.57,1331105754.0,USDC.e,2022-04-13,avalanche,1331105754.0
11232,7032,15027.0,5394941.0,3609.0,4032.0,4901.0,620486319.4,233223000000.0,13817092.72,-36390819.23,1308532028.0,USDC.e,2022-04-14,avalanche,1308532028.0
11278,7031,14514.0,5409455.0,3957.0,4327.0,5218.0,427547130.8,233651000000.0,19988428.78,-39683082.23,1288837374.0,USDC.e,2022-04-15,avalanche,1288837374.0
11284,7030,15019.0,5424474.0,4095.0,4331.0,5296.0,602896849.5,234254000000.0,35691850.62,-40545904.23,1283983321.0,USDC.e,2022-04-16,avalanche,1283983321.0
11319,7029,13388.0,5437862.0,3761.0,4006.0,5005.0,572449320.7,234826000000.0,12649626.73,-30744202.62,1265888745.0,USDC.e,2022-04-17,avalanche,1265888745.0
11336,7028,14962.0,5452824.0,3703.0,3938.0,4917.0,309302444.3,235136000000.0,18198664.04,-22273518.76,1261813890.0,USDC.e,2022-04-18,avalanche,1261813890.0
11352,7027,14062.0,5466886.0,3863.0,4153.0,5072.0,459271164.7,235595000000.0,26818552.64,-15696976.11,1272935467.0,USDC.e,2022-04-19,avalanche,1272935467.0
11390,7026,16486.0,5483372.0,3950.0,4345.0,5183.0,2161344042.0,237756000000.0,51320589.72,-132460600.2,1191795456.0,USDC.e,2022-04-20,avalanche,1191795456.0
11418,7025,15396.0,5498768.0,3783.0,4174.0,5070.0,619918224.1,238376000000.0,45946433.43,-87680051.5,1150061838.0,USDC.e,2022-04-21,avalanche,1150061838.0
11439,7024,14020.0,5512788.0,3627.0,4012.0,4909.0,431101374.1,238807000000.0,6848639.639,-33143725.99,1123766752.0,USDC.e,2022-04-22,avalanche,1123766752.0
11465,7023,17077.0,5529865.0,4330.0,4965.0,5789.0,409819010.5,239217000000.0,2598927.87,-44170491.94,1082195188.0,USDC.e,2022-04-23,avalanche,1082195188.0
11476,7022,11303.0,5541168.0,3262.0,3476.0,4478.0,397647920.3,239615000000.0,6639691.116,-25902162.34,1062932716.0,USDC.e,2022-04-24,avalanche,1062932716.0
11507,7021,16062.0,5557230.0,3920.0,4648.0,5658.0,388884339.0,240004000000.0,21666501.6,-58762962.43,1025836255.0,USDC.e,2022-04-25,avalanche,1025836255.0
11533,7020,13984.0,5571214.0,3558.0,3963.0,4987.0,268911964.7,240273000000.0,15063597.03,-25266131.43,1015633721.0,USDC.e,2022-04-26,avalanche,1015633721.0
11551,7019,13576.0,5584790.0,3526.0,4000.0,4959.0,327026123.2,240600000000.0,14865937.74,-52333648.4,978166010.4,USDC.e,2022-04-27,avalanche,978166010.4
11576,7018,13729.0,5598519.0,3334.0,3701.0,4585.0,205962929.5,240806000000.0,4894541.43,-8872802.216,974187749.6,USDC.e,2022-04-28,avalanche,974187749.6
11612,7017,15139.0,5613658.0,3884.0,4037.0,5201.0,233074872.0,241039000000.0,9488058.265,-8422619.284,975253188.6,USDC.e,2022-04-29,avalanche,975253188.6
11630,7016,16023.0,5629681.0,3719.0,4221.0,5101.0,260002330.8,241299000000.0,7375235.609,-10064927.66,972563496.6,USDC.e,2022-04-30,avalanche,972563496.6
11654,7015,17089.0,5646770.0,3702.0,4012.0,5011.0,236226908.3,241535000000.0,5733964.17,-9783455.627,968514005.1,USDC.e,2022-05-01,avalanche,968514005.1
11682,7014,15841.0,5662611.0,3498.0,3793.0,4761.0,218749850.4,241754000000.0,9596387.255,-25386042.31,952724350.0,USDC.e,2022-05-02,avalanche,952724350.0
11708,7013,13623.0,5676234.0,3459.0,3736.0,4681.0,223299508.6,241977000000.0,4022357.307,-60299913.29,896446794.1,USDC.e,2022-05-03,avalanche,896446794.1
11726,7012,14695.0,5690929.0,3510.0,3698.0,4655.0,179210820.9,242156000000.0,8781803.855,-11674324.0,893554273.9,USDC.e,2022-05-04,avalanche,893554273.9
11751,7011,15777.0,5706706.0,3367.0,3707.0,4593.0,214234253.0,242370000000.0,4680167.689,-24159302.58,874075139.0,USDC.e,2022-05-05,avalanche,874075139.0
11780,7010,15004.0,5721710.0,3180.0,3519.0,4314.0,211792914.4,242582000000.0,11842280.13,-9979450.407,875937968.7,USDC.e,2022-05-06,avalanche,875937968.7
11784,7009,13867.0,5735577.0,4714.0,3372.0,5850.0,240253329.3,242822000000.0,13742039.16,-7048556.632,882631451.3,USDC.e,2022-05-07,avalanche,882631451.3
11826,7008,15070.0,5750647.0,3299.0,3788.0,4577.0,210354488.4,243033000000.0,12920066.86,-16161279.02,879390239.1,USDC.e,2022-05-08,avalanche,879390239.1
11839,7007,29740.0,5780387.0,4598.0,4791.0,5902.0,493096777.2,243526000000.0,25091077.61,-26534385.68,877946931.0,USDC.e,2022-05-09,avalanche,877946931.0
11878,7006,32746.0,5813133.0,4257.0,4227.0,5348.0,660908429.3,244187000000.0,69680272.1,-75550266.83,872076936.3,USDC.e,2022-05-10,avalanche,872076936.3
11890,7005,51711.0,5864844.0,5703.0,5847.0,7177.0,1278609026.0,245465000000.0,36194464.21,-156991187.5,751280213.1,USDC.e,2022-05-11,avalanche,751280213.1
11910,7004,53085.0,5917929.0,5860.0,6023.0,7449.0,1497560932.0,246963000000.0,121924660.0,-153515312.7,719689560.3,USDC.e,2022-05-12,avalanche,719689560.3
11930,7003,31714.0,5949643.0,4171.0,4246.0,5383.0,386165339.0,247349000000.0,38807391.41,-16894301.87,741602649.9,USDC.e,2022-05-13,avalanche,741602649.9
11955,7002,24635.0,5974278.0,3347.0,3541.0,4455.0,190699667.5,247540000000.0,7462471.229,-31705617.0,717359504.1,USDC.e,2022-05-14,avalanche,717359504.1
11987,7001,22518.0,5996796.0,2901.0,3403.0,4115.0,116710014.7,247656000000.0,4289266.625,-8713026.91,712935743.8,USDC.e,2022-05-15,avalanche,712935743.8
12017,7000,22674.0,6019470.0,3035.0,3213.0,4055.0,184962390.2,247841000000.0,6136605.427,-16298110.39,702774238.8,USDC.e,2022-05-16,avalanche,702774238.8
12030,6999,17183.0,6036653.0,2769.0,2998.0,3723.0,138449122.1,247980000000.0,6531165.308,-13187992.98,696117411.2,USDC.e,2022-05-17,avalanche,696117411.2
12068,6998,17771.0,6054424.0,2787.0,3051.0,3778.0,145136987.1,248125000000.0,7743473.465,-12847360.36,691013524.3,USDC.e,2022-05-18,avalanche,691013524.3
12094,6997,19527.0,6073951.0,2745.0,2871.0,3598.0,245419703.5,248370000000.0,11983502.6,-10669480.86,692327546.0,USDC.e,2022-05-19,avalanche,692327546.0
12096,6996,17184.0,6091135.0,2687.0,2943.0,3633.0,213661416.0,248584000000.0,10303915.25,-22407126.07,680224335.2,USDC.e,2022-05-20,avalanche,680224335.2
12137,6995,12353.0,6103488.0,2206.0,2537.0,3056.0,73074680.51,248657000000.0,2582444.796,-12168347.5,670638432.5,USDC.e,2022-05-21,avalanche,670638432.5
12154,6994,12561.0,6116049.0,2291.0,2828.0,3373.0,73877349.54,248731000000.0,4067937.336,-3264830.149,671441539.7,USDC.e,2022-05-22,avalanche,671441539.7
12187,6993,15651.0,6131700.0,2692.0,2938.0,3645.0,267281727.8,248998000000.0,12345202.32,-51839842.36,631946899.6,USDC.e,2022-05-23,avalanche,631946899.6
12209,6992,13979.0,6145679.0,2473.0,2586.0,3237.0,164941861.6,249163000000.0,33597918.82,-17274148.93,648270669.5,USDC.e,2022-05-24,avalanche,648270669.5
12226,6991,13085.0,6158764.0,2221.0,2492.0,3064.0,249842487.2,249413000000.0,15043747.54,-34249973.66,629064443.4,USDC.e,2022-05-25,avalanche,629064443.4
12263,6990,19839.0,6178603.0,2702.0,2877.0,3571.0,131114815.0,249544000000.0,9739626.105,-7207014.176,631597055.3,USDC.e,2022-05-26,avalanche,631597055.3
12268,6989,22410.0,6201013.0,2705.0,2912.0,3583.0,196596816.9,249741000000.0,4940207.199,-9905632.989,626631629.5,USDC.e,2022-05-27,avalanche,626631629.5
12291,6988,13824.0,6214837.0,2021.0,2256.0,2777.0,55617505.39,249796000000.0,3485310.178,-1988136.991,628128802.7,USDC.e,2022-05-28,avalanche,628128802.7
12329,6987,13076.0,6227913.0,2143.0,2865.0,3422.0,65441095.72,249862000000.0,11613570.39,-3667622.276,636074750.8,USDC.e,2022-05-29,avalanche,636074750.8
12336,6986,16032.0,6243945.0,2463.0,2703.0,3318.0,216248026.7,250078000000.0,13220894.17,-47970978.74,601324666.3,USDC.e,2022-05-30,avalanche,601324666.3
12367,6985,15429.0,6259374.0,2646.0,2818.0,3499.0,173648774.3,250252000000.0,13603576.06,-20433279.59,594494962.7,USDC.e,2022-05-31,avalanche,594494962.7
12391,6984,15944.0,6275318.0,2679.0,2826.0,3517.0,201962843.3,250454000000.0,7265894.992,-42643556.49,559117301.2,USDC.e,2022-06-01,avalanche,559117301.2
12418,6983,13548.0,6288866.0,2369.0,2578.0,3227.0,129132006.8,250583000000.0,12267986.31,-16052267.24,555333020.3,USDC.e,2022-06-02,avalanche,555333020.3
12451,6982,11904.0,6300770.0,2260.0,2411.0,2986.0,111974801.8,250695000000.0,2268949.448,-14290239.32,543311730.4,USDC.e,2022-06-03,avalanche,543311730.4
12459,6981,9648.0,6310418.0,1973.0,2046.0,2579.0,131151386.5,250826000000.0,3855703.733,-4664475.524,542502958.7,USDC.e,2022-06-04,avalanche,542502958.7
12481,6980,10193.0,6320611.0,2005.0,2499.0,2947.0,81227671.03,250907000000.0,8216717.821,-6690409.521,544029267.0,USDC.e,2022-06-05,avalanche,544029267.0
12510,6979,14943.0,6335554.0,2430.0,2685.0,3284.0,121419599.3,251029000000.0,3283103.082,-42638083.23,504674286.8,USDC.e,2022-06-06,avalanche,504674286.8
12543,6978,15862.0,6351416.0,2420.0,2568.0,3180.0,108608746.1,251137000000.0,5956428.641,-8186482.732,502444232.7,USDC.e,2022-06-07,avalanche,502444232.7
12560,6977,12910.0,6364326.0,2217.0,2412.0,2970.0,140100551.7,251277000000.0,15554356.18,-3883713.094,514114875.8,USDC.e,2022-06-08,avalanche,514114875.8
12599,6976,10448.0,6374774.0,2131.0,2271.0,2784.0,87474321.0,251365000000.0,1385946.884,-8045342.336,507455480.3,USDC.e,2022-06-09,avalanche,507455480.3
12615,6975,12354.0,6387128.0,2370.0,2581.0,3121.0,79319085.08,251444000000.0,3613009.075,-7255700.852,503812788.6,USDC.e,2022-06-10,avalanche,503812788.6
12627,6974,15079.0,6402207.0,2777.0,2791.0,3491.0,103407425.6,251548000000.0,12978495.97,-7838993.659,508952290.9,USDC.e,2022-06-11,avalanche,508952290.9
12671,6973,19758.0,6421965.0,2865.0,2879.0,3614.0,183203706.1,251731000000.0,5845510.758,-22074926.66,492722875.0,USDC.e,2022-06-12,avalanche,492722875.0
12678,6972,39792.0,6461757.0,4071.0,4008.0,5024.0,322101450.2,252053000000.0,14737414.4,-22167541.7,485292747.7,USDC.e,2022-06-13,avalanche,485292747.7
12717,6971,26475.0,6488232.0,3072.0,3053.0,3832.0,197558258.5,252250000000.0,15173951.77,-21032790.08,479433909.4,USDC.e,2022-06-14,avalanche,479433909.4
12738,6970,29916.0,6518148.0,3046.0,3167.0,3891.0,292519390.1,252543000000.0,7739887.234,-36768568.81,450405227.8,USDC.e,2022-06-15,avalanche,450405227.8
12745,6969,20564.0,6538712.0,2680.0,2861.0,3458.0,129324987.3,252672000000.0,5614827.981,-9242979.381,446777076.4,USDC.e,2022-06-16,avalanche,446777076.4
12790,6968,15653.0,6554365.0,2261.0,2411.0,2945.0,62322886.82,252735000000.0,3352640.503,-4183791.828,445945925.1,USDC.e,2022-06-17,avalanche,445945925.1
12806,6967,26956.0,6581321.0,2997.0,3300.0,3954.0,167984433.6,252903000000.0,8896140.023,-7158620.91,447683444.2,USDC.e,2022-06-18,avalanche,447683444.2
12823,6966,19561.0,6600882.0,2508.0,2703.0,3298.0,106020235.7,253009000000.0,4866007.272,-6438993.017,446110458.4,USDC.e,2022-06-19,avalanche,446110458.4
12857,6965,19268.0,6620150.0,2527.0,2744.0,3367.0,84934912.01,253094000000.0,2084223.368,-10635469.82,437559212.0,USDC.e,2022-06-20,avalanche,437559212.0
12867,6964,16913.0,6637063.0,2442.0,3132.0,3833.0,53881854.98,253147000000.0,2731845.708,-2954849.515,437336208.2,USDC.e,2022-06-21,avalanche,437336208.2
12896,6963,17288.0,6654351.0,2406.0,2657.0,3267.0,67890586.45,253215000000.0,1257530.269,-9735855.097,428857883.4,USDC.e,2022-06-22,avalanche,428857883.4
12928,6962,21611.0,6675962.0,4187.0,4453.0,5113.0,73226433.1,253289000000.0,7265961.209,-8133133.409,427990711.2,USDC.e,2022-06-23,avalanche,427990711.2
12950,6961,23772.0,6699734.0,4132.0,4434.0,5168.0,86699337.4,253375000000.0,4035088.37,-5585344.41,426440455.1,USDC.e,2022-06-24,avalanche,426440455.1
12969,6960,14607.0,6714341.0,2862.0,3271.0,4168.0,51854871.96,253427000000.0,414125.5612,-1823866.056,425030714.6,USDC.e,2022-06-25,avalanche,425030714.6
13005,6959,12419.0,6726760.0,2459.0,2639.0,3357.0,50873171.04,253478000000.0,2983350.947,-5538922.789,422475142.8,USDC.e,2022-06-26,avalanche,422475142.8
13026,6958,12222.0,6738982.0,2306.0,2504.0,3112.0,63001663.67,253541000000.0,4195815.614,-2723131.465,423947826.9,USDC.e,2022-06-27,avalanche,423947826.9
13038,6957,13031.0,6752013.0,2132.0,2630.0,3178.0,107433735.7,253648000000.0,2836503.856,-13725271.43,413059059.4,USDC.e,2022-06-28,avalanche,413059059.4
13058,6956,14666.0,6766679.0,2312.0,2499.0,3105.0,63024735.65,253711000000.0,3078469.618,-4756913.31,411380615.7,USDC.e,2022-06-29,avalanche,411380615.7
13096,6955,16844.0,6783523.0,2647.0,2674.0,3413.0,93968644.5,253805000000.0,7399083.98,-4765005.796,414014693.8,USDC.e,2022-06-30,avalanche,414014693.8
13107,6954,15624.0,6799147.0,2502.0,2742.0,3385.0,75665048.99,253881000000.0,5615758.683,-10804286.46,408826166.1,USDC.e,2022-07-01,avalanche,408826166.1
13145,6953,13866.0,6813013.0,3169.0,2816.0,3864.0,51412646.64,253932000000.0,5033063.412,-6305971.172,407553258.3,USDC.e,2022-07-02,avalanche,407553258.3
13173,6952,14977.0,6827990.0,3152.0,3191.0,3937.0,68424132.05,254001000000.0,2496637.239,-4842833.83,405207061.7,USDC.e,2022-07-03,avalanche,405207061.7
13186,6951,11504.0,6839494.0,2276.0,2403.0,3055.0,30284043.47,254031000000.0,185505.2088,-1521726.248,403870840.7,USDC.e,2022-07-04,avalanche,403870840.7
13211,6950,12454.0,6851948.0,2166.0,10172.0,10747.0,92430732.1,254124000000.0,20093960.14,-2598541.859,421366259.0,USDC.e,2022-07-05,avalanche,421366259.0
13246,6949,14273.0,6866221.0,2419.0,2485.0,3266.0,89873267.93,254214000000.0,3011462.339,-8038745.644,416338975.7,USDC.e,2022-07-06,avalanche,416338975.7
13250,6948,14157.0,6880378.0,3605.0,2911.0,4515.0,50242855.53,254264000000.0,2318477.146,-3877650.279,414779802.5,USDC.e,2022-07-07,avalanche,414779802.5
13288,6947,13288.0,6893666.0,2404.0,2504.0,3143.0,98480150.36,254362000000.0,5443655.906,-6280486.511,413942971.9,USDC.e,2022-07-08,avalanche,413942971.9
13300,6946,8107.0,6901773.0,1862.0,1897.0,2493.0,30978467.67,254393000000.0,4117569.922,-2758095.231,415302446.6,USDC.e,2022-07-09,avalanche,415302446.6
13341,6945,9059.0,6910832.0,2094.0,2209.0,2814.0,23326923.77,254417000000.0,251304.2165,-678872.6403,414874878.2,USDC.e,2022-07-10,avalanche,414874878.2
13361,6944,10627.0,6921459.0,2155.0,2248.0,2985.0,35535095.31,254452000000.0,2428727.616,-1118336.302,416185269.5,USDC.e,2022-07-11,avalanche,416185269.5
13378,6943,11095.0,6932554.0,2105.0,2228.0,2892.0,44702684.87,254497000000.0,640240.6473,-1482383.457,415343126.7,USDC.e,2022-07-12,avalanche,415343126.7
13401,6942,14126.0,6946680.0,2096.0,2218.0,2817.0,42878164.9,254540000000.0,1312509.034,-2374692.025,414280943.7,USDC.e,2022-07-13,avalanche,414280943.7
13439,6941,12696.0,6959376.0,1962.0,2307.0,2813.0,44384426.7,254584000000.0,992513.5335,-4154982.354,411118474.9,USDC.e,2022-07-14,avalanche,411118474.9
13441,6940,12472.0,6971848.0,2023.0,2212.0,2737.0,42756049.88,254627000000.0,807850.3113,-1667785.432,410258539.8,USDC.e,2022-07-15,avalanche,410258539.8
13469,6939,10953.0,6982801.0,1928.0,2164.0,2657.0,49601778.53,254676000000.0,1432917.251,-2149164.628,409542292.4,USDC.e,2022-07-16,avalanche,409542292.4
13499,6938,10953.0,6993754.0,1901.0,2325.0,2864.0,29965261.43,254706000000.0,1432963.03,-1081733.746,409893521.7,USDC.e,2022-07-17,avalanche,409893521.7
13529,6937,16711.0,7010465.0,2439.0,2730.0,3369.0,53764978.69,254760000000.0,3303007.133,-2414534.395,410781994.4,USDC.e,2022-07-18,avalanche,410781994.4
13551,6936,18381.0,7028846.0,2291.0,2474.0,3080.0,78920365.09,254839000000.0,4076567.695,-4030855.705,410827706.4,USDC.e,2022-07-19,avalanche,410827706.4
13569,6935,19486.0,7048332.0,2640.0,2650.0,3439.0,76286014.97,254915000000.0,1805706.089,-2384465.934,410248946.6,USDC.e,2022-07-20,avalanche,410248946.6
13586,6934,14741.0,7063073.0,2326.0,2517.0,3194.0,75323845.69,254991000000.0,2119332.981,-3294766.002,409073513.5,USDC.e,2022-07-21,avalanche,409073513.5
13617,6933,12532.0,7075605.0,2317.0,2461.0,3082.0,48605649.3,255039000000.0,2237310.427,-2498530.911,408812293.1,USDC.e,2022-07-22,avalanche,408812293.1
13635,6932,10649.0,7086254.0,2056.0,2154.0,2716.0,25199767.49,255064000000.0,3176593.585,-661207.2313,411327679.4,USDC.e,2022-07-23,avalanche,411327679.4
13671,6931,13635.0,7099889.0,2440.0,2581.0,3135.0,43328605.12,255108000000.0,4378609.642,-1819649.895,413886639.2,USDC.e,2022-07-24,avalanche,413886639.2
13694,6930,13942.0,7113831.0,2606.0,2720.0,3341.0,38923097.74,255147000000.0,972870.978,-1498223.116,413361287.0,USDC.e,2022-07-25,avalanche,413361287.0
13718,6929,13392.0,7127223.0,2522.0,2471.0,3209.0,51589112.36,255198000000.0,492038.5916,-2331798.543,411521527.1,USDC.e,2022-07-26,avalanche,411521527.1
13751,6928,13855.0,7141078.0,2372.0,2658.0,3263.0,49590026.03,255248000000.0,3096856.635,-2633583.008,411984800.7,USDC.e,2022-07-27,avalanche,411984800.7
13770,6927,15251.0,7156329.0,2364.0,2601.0,3174.0,45989694.76,255294000000.0,1003089.853,-4060700.251,408927190.3,USDC.e,2022-07-28,avalanche,408927190.3
13799,6926,15333.0,7171662.0,2267.0,2676.0,3175.0,53343515.24,255347000000.0,3273645.309,-2512859.124,409687976.5,USDC.e,2022-07-29,avalanche,409687976.5
13820,6925,12711.0,7184373.0,2204.0,2395.0,2947.0,42254441.7,255389000000.0,5114102.072,-3065903.11,411736175.4,USDC.e,2022-07-30,avalanche,411736175.4
13847,6924,12609.0,25320.0,2166.0,2287.0,2878.0,27190995.92,69445437.63,489336.6009,-2020116.941,517418.6219,USDC.e,2022-07-31,avalanche,517418.6219
