MA,price,MA_3d_chg,MA_14d_chg,MA_30d_chg,MA_90d_chg
,3245.663149,,,,
,3245.663149,,,,
,3245.663149,,,,
,3524.562728,,,,
,3524.562728,,,,
,3524.562728,,,,
,3493.5345,,,,
,3493.5345,,,,
,3493.5345,,,,
,3912.742917,,,,
,3912.742917,,,,
,3912.742917,,,,
,3979.608652,,,,
,3979.608652,,,,
,3979.608652,,,,
,4182.790286,,,,
,4182.790286,,,,
,4182.790286,,,,
,3906.108903,,,,
,3906.108903,,,,
,3906.108903,,,,
,4088.731708,,,,
,4088.731708,,,,
,4088.731708,,,,
,3659.921844,,,,
,3659.921844,,,,
,3602.004897,,,,
,3288.229887,,,,
,3288.229887,,,,
0.5348850713407137,3288.229887,,,,
0.5341196552493176,3399.04928,,,,
0.5178317246434264,3399.04928,,,,
0.501304551251749,3399.04928,-0.06278081383874412,,,
0.49867571462909166,2778.279661,-0.06635955122018744,,,
0.4943642920822648,2778.279661,-0.04531864589277734,,,
0.4794798386702424,2778.279661,-0.043535835705083126,,,
0.46878418315776466,2306.371267,-0.059941823101531844,,,
0.4459443843102305,2306.371267,-0.09794378062397957,,,
0.4363622538921858,2306.371267,-0.08992575140935244,,,
0.4220338170897577,2120.037375,-0.09972684179123337,,,
0.41991395302938544,2120.037375,-0.05837147455306091,,,
0.41336240596194507,2120.037375,-0.05270815182819044,,,
0.41140365693110315,2695.477807,-0.02518793454031132,,,
0.3981031019511127,2695.477807,-0.05194123920132376,-0.25572216672032144,,
0.40033226614987166,2695.477807,-0.031522314618211755,-0.25048205544316904,,
0.38645568353663495,2882.483408,-0.060641107520943094,-0.25370411825821537,,
0.3889376271604801,2882.483408,-0.023022867055575325,-0.22414902041222362,,
0.388233512932939,2882.483408,-0.03022177885707389,-0.22147098496324025,,
0.38452339181553,2433.328866,-0.005000034424184507,-0.2221861530574637,,
0.36812207148037385,2433.328866,-0.05351900723021974,-0.2322470273175632,,
0.3656442752516529,2433.328866,-0.05818466703359548,-0.22001575908844406,,
0.36182329242547784,2294.626286,-0.05903437833228686,-0.18863583631592962,,
0.3695763444555214,2395.853228,0.0039505182867718425,-0.153051527351322,,
0.3704641345151923,2395.853228,0.013181826134764929,-0.12219324728567338,,
0.36130148345574964,2395.853228,-0.0014421652244394068,-0.13958209569076674,,
0.356939862129553,2708.429866,-0.03419180506421515,-0.13649655367446856,,
0.36476606012330925,2708.429866,-0.015380906978592734,-0.11336213478433954,,
0.37774117319166367,2708.429866,0.045501307048819495,-0.051147375289604,,
0.38547201376449164,2717.154037,0.07993545877647801,-0.0371197968335053,,
0.37693660263027606,2717.154037,0.033365336958302905,-0.02463175290694486,-0.29529421771771014,
0.3902775689796363,2717.154037,0.0331877928001556,0.0034451329097129335,-0.26930685822175626,
0.40770958200859675,2694.497667,0.057689190006129376,0.050165862623564594,-0.21266009283355247,
0.41541897971328917,2694.497667,0.10209243892602049,0.08034774621092722,-0.17132414083216485,
0.4216029192750735,2694.497667,0.08026428569117106,0.14528019898299127,-0.1545549404011861,
0.4306565797351404,2624.768915,0.056282704010767626,0.17780205758381729,-0.12886794893455433,
0.44647377580619035,2711.547939,0.07475536171778763,0.23395531783832668,-0.06883722776663326,
0.4500663789961364,2711.547939,0.06751248252740871,0.2177900067148426,-0.039928403803097146,
0.4574864034042266,2711.547939,0.062299811338275335,0.23490065780029146,0.025882194058456154,
0.4604932763646382,2580.53558,0.0314005017050174,0.2745402314990413,0.055300435033536655,
0.4654372406193182,2580.53558,0.034152432486661555,0.3039654294772647,0.10284347313411968,
0.46054538167388714,2580.53558,0.006686490017841384,0.2625773941747751,0.09676132062622433,
0.4581122569630304,2620.625389,-0.005170584509734399,0.2127676024625118,0.10825815399672578,
0.4506290280188379,2620.625389,-0.03181570211437357,0.16903176346844906,0.0953452173477003,
0.4652922483658864,2620.625389,0.01030705524555775,0.23440452616981666,0.16877323006396616,
0.4589751232482516,2356.634774,0.0018835258653446818,0.17602229727991325,0.14648546234448645,
0.46573412825363025,2356.634774,0.033520033765247925,0.14231832854938897,0.20514239560790393,
0.4611648370070137,2356.634774,-0.008870578380293703,0.11011980561238932,0.18570383733207652,
0.456292640877091,2517.771696,-0.005844504931283079,0.08228055361112019,0.1753046186816647,
0.4600379814905757,2517.771696,-0.012230468882350354,0.06822466702704344,0.19638490474793469,
0.47276656237858794,2517.771696,0.025157437082302447,0.05888987886224917,0.284265734128341,
0.4688857218084534,2587.381611,0.02759869391528169,0.04181459378123997,0.2823548829958984,
0.46382136110995564,2561.188331,0.008224059255110605,0.013847313621977886,0.28190022814931304,
0.4561061144352282,2561.188331,-0.03524032634528451,-0.009527092260813164,0.23413232821269125,
0.44351352405803385,2365.872786,-0.05411168771051733,-0.047103486029850705,0.19718343217876577,
0.4480152429715012,2365.872786,-0.03407802974108254,-0.027207174799678158,0.24000388452977894,
0.44817209615515796,2365.872786,-0.017395114928232203,-0.02169808962058528,0.25559553220338227,
0.4355935974087025,2231.554315,-0.01785723821196261,-0.03336542849056512,0.19417249856373697,
0.4249244618759249,2231.554315,-0.05154016846039566,-0.08675791748462125,0.12490904363322008,
0.4122813610964695,2231.554315,-0.08008248475662127,-0.10173484310287173,0.06954940015011668,
0.3932447372047979,2251.560559,-0.09722103459700338,-0.1556454351340899,0.04326492694188655,
0.37841727411034065,2251.560559,-0.10944813005179277,-0.17943163974449894,-0.03038938389491319,
0.3692087356050108,2251.560559,-0.1044738607074216,-0.19085099664260752,-0.09443203717192539,
0.3672664086904042,1875.357694,-0.06606147789554384,-0.2016606813628321,-0.11591326678458103,
0.3578040916391882,1875.357694,-0.05447209702467748,-0.2431696314582812,-0.1513244446826516,
0.3467816736494923,1875.357694,-0.06074358429999749,-0.26041323606105105,-0.1947605354996138,
0.33770756107345795,1971.105978,-0.08048339547944772,-0.2719016643276172,-0.24361165341981184,
0.3314771452458903,1990.076151,-0.07357922116733695,-0.27324555677938955,-0.2634927630336594,
0.3265310248326737,1990.076151,-0.058395960212380804,-0.26376309374965745,-0.2862497717901423,
0.31620440305211767,1990.076151,-0.06367390162360897,-0.29421061445395547,-0.3133354615980679,
0.3179934333491011,1817.047666,-0.04067765180850391,-0.29046579187515686,-0.31678558224955533,
0.3205770805817023,1817.047666,-0.018233931229114986,-0.26404547153865565,-0.30391858579378084,
0.3213019607615036,1817.047666,0.016121083894412802,-0.24386099274434903,-0.2986392398851868,
0.3263542442820947,1973.926865,0.026292401213879435,-0.20841863087346502,-0.2757806887920857,
0.3203408555814933,2087.518724,-0.0007368742636884029,-0.18539060978033384,-0.3115276329951008,
0.314339724603825,2087.518724,-0.021668825615560272,-0.169330402945167,-0.3151268801254744,
0.3168489943925027,2087.518724,-0.02912555928451732,-0.14181609524137562,-0.31967838478877253,
0.3232596815443424,2169.400068,0.009111625669947054,-0.11982235811595365,-0.2990365795399399,
0.3198518718938312,2279.354161,0.017535636951242495,-0.10606983159831573,-0.29902031450910926,
0.313523902411273,2279.354161,-0.010494248175238585,-0.09590406231165038,-0.3184825709489906,
0.3132425940421829,2121.657901,-0.03098774166423668,-0.07244423830342794,-0.33742650396806073,
0.32057617059955856,2121.657901,0.0022644816847212645,-0.0328860520330756,-0.31630212717264494,
0.32518545658903725,2121.657901,0.03719510406727111,-0.004120797539302723,-0.2988993525204474,
0.32950044123973316,2228.532399,0.05190177679144381,0.04204887110766764,-0.2775794254638837,
0.34050897097866073,2228.532399,0.06217804755051759,0.07080503956457984,-0.23224670160428962,
0.3474078940373141,2228.532399,0.06833773466185833,0.08369535778080572,-0.22456233468062348,
0.3555269106398922,2217.301853,0.07898766175315419,0.10651957989074701,-0.20671787982800205,
0.36618987046453694,2217.301853,0.07541915683474198,0.1220625344403643,-0.15933137529348584,
0.3772976276235781,2217.301853,0.08603642605499817,0.1778005241906937,-0.11208306069762941,
0.3777410729416035,2317.236943,0.06248236529192486,0.20169690107632987,-0.08377843728614254,
0.38759375249653155,2317.236943,0.05845022967140601,0.22327594329175127,-0.014370147070330352,-0.27537003131343674
0.3959510984532421,2317.236943,0.0494396716649228,0.2248700381118467,0.046334629897970325,-0.2586846513476102
0.40188354935219356,2126.442467,0.06391276495982834,0.2564677110459157,0.08849956839087136,-0.22391091501988136
0.4032899929928818,2156.580957,0.04049662925485542,0.28631338756384794,0.09808570413757756,-0.19551898743812812
0.4086204452705435,2156.580957,0.03199725134440423,0.3044855745752013,0.14202284104285434,-0.18058884103776762
0.41314746086131393,2156.580957,0.02802779941422573,0.2887653504894754,0.1913762815473936,-0.16428539140411047
0.41796764498730077,2123.058597,0.03639478352907699,0.28532084236325406,0.23766149522599722,-0.12828942683708133
0.42090368606839373,2144.014257,0.030060269719782706,0.27739946108951874,0.26978192042822946,-0.10213761216695572
0.4229147515150278,2144.014257,0.023641173137918692,0.24200766370273197,0.29517478999658486,-0.05164238771797525
0.42896334543276265,2042.499187,0.026307539775706656,0.23475416878894784,0.35660143025288527,-0.016955885605200005
0.42098585883714473,1944.395017,0.00019522938731797446,0.1841181250652355,0.3238822399674399,-0.002483114409739473
0.4182709531220218,1944.395017,-0.010980459717638835,0.14222425811892725,0.3047437838133946,-0.003912706152083278
0.41708168911624877,1997.663314,-0.027698535184928152,0.10544476980481421,0.2980987981764627,0.008997632829353286
0.4051845888835398,1910.726952,-0.03753396847402779,0.07265165984790567,0.2415483971255039,-0.01511670580168134
0.39839163137463734,1910.726952,-0.04752737812416308,0.027858753678446924,0.24364914569346374,0.0007247605509994592
0.395320070281578,1874.20025,-0.05217591518050402,-0.0015937022883107943,0.25762046390991733,-0.012520089665760903
0.3927660310699874,1874.20025,-0.030649136601594185,-0.0226869656568498,0.2396000556133724,0.016328774041058258
0.3818658093984545,1874.20025,-0.041481348187864864,-0.053123518973121286,0.18129736308013067,-0.018182395500417003
0.3784782377990928,1905.723383,-0.04260302916188685,-0.07376578392080657,0.1832922394924157,-0.025127339111323144
0.3721027222096773,1905.723383,-0.052609714755673775,-0.09934646231654953,0.18684004424505418,-0.032301466881399565
0.36457236002766463,1905.723383,-0.04528671838421949,-0.1277498045602512,0.163865856565373,-0.009642756378161033
0.3628751452955193,1794.973425,-0.0412258643833997,-0.13786655402073444,0.13194672148229536,-0.007573289515411585
0.36085062239232646,1794.973425,-0.030239230045219445,-0.14675328514875874,0.10967638644541888,-0.0026882460403008235
0.360358555885017,1794.973425,-0.011558210672712232,-0.15993158920964046,0.0936512088699526,-0.02494150047423771
0.3641401457685615,2027.533448,0.0034860488226935438,-0.13502998230297703,0.0693995659555815,-0.017070448006813566
0.3616347112546087,2027.533448,0.002172890425085061,-0.13540562987860794,0.04095133548049601,0.0009222984518963973
0.3589603664588001,2027.533448,-0.003879995086513266,-0.1393523719072911,0.009657372525551322,0.005660629544687268
0.36482710293886067,2183.627415,0.0018865186337784223,-0.09960271701320533,-0.003721477942433271,0.00016734784900429567
0.36651308319507325,2183.627415,0.013489777913022083,-0.08001811702110362,-0.028583652901375656,-0.02972429481732286
0.3737814117384613,2183.627415,0.04128880696739068,-0.05448410076365506,-0.010482474601734126,-0.030328017621462977
0.3781757316748832,2230.212068,0.03658891740359427,-0.037147559210649606,-0.024298690990207872,0.0032873672547597543
0.3819304860694595,2230.212068,0.04206508193373404,0.00016937015415674495,-0.03540995955953463,-0.021387554842057344
0.3840952625911228,2230.212068,0.027593268495326395,0.014841077322421015,-0.04426229137705229,-0.05791946144885063
0.3933797925258293,2299.689406,0.04020369256273937,0.0571806360077165,-0.024573385502346112,-0.05305291347706531
0.4012972525426553,2299.689406,0.050707568993781926,0.10073416567345883,-0.01792174819602954,-0.048163012645483616
0.4062562011722465,2299.689406,0.05769646423552599,0.11954815985371048,-0.016679903283686737,-0.056658552803025675
0.41048340200536415,2462.399983,0.04347861736800285,0.13754383817876747,-0.017906273539819106,-0.08061027489428463
0.4220000966768841,2462.399983,0.05158979784449991,0.1710561322471713,0.0026048966658662742,-0.06236031756438587
0.43461989867990075,2462.399983,0.06981726660617427,0.19355117454183257,0.0276773206017078,-0.04998291655046505
0.4403680974311024,2555.408179,0.0728036633874607,0.21771523508721335,0.026586775116727024,-0.04370352395243193
0.44976781386833947,2555.408179,0.06580026263054739,0.252973464188732,0.06836798535394228,-0.03366603568319704
0.4545494634216048,2555.408179,0.04585515942145624,0.24593118153773852,0.08673447206600438,-0.013019169208666748
0.46333556864075104,2521.268475,0.05215516597053682,0.2641719760768946,0.11089884962945562,0.011401816035981227
0.47909498671006734,2521.268475,0.06520513904606084,0.28175177166192267,0.18241167076512688,0.06316938528433957
0.4873240499926851,2521.268475,0.0721034545379744,0.2886179867608121,0.22322863136253468,0.04735045920961434
0.4960197824902037,2821.649693,0.07054112842088855,0.29871743833508857,0.2547295717540965,0.08071169299935077
0.5075667548038914,2821.649693,0.05942823215358373,0.32146059646720104,0.2922878117060166,0.08982083126938001
0.5199626477665185,2821.649693,0.06697514266805271,0.32178281051988145,0.3616370855133775,0.12749846918317953
0.53130952351603,3151.217517,0.07114583383884154,0.3239799678408095,0.4038046853253012,0.1644051994674749
0.5493178784163439,3151.217517,0.08225740401099357,0.3521464455958949,0.4762533183157074,0.1940707083282367
0.5604063618257957,3151.217517,0.0777819603638874,0.3652351327434973,0.5371608582265279,0.1853764763021173
0.5687320189665447,3163.064655,0.07043445260093417,0.34770589733302804,0.5672939476286785,0.21294377822594468
0.5806640294588286,3163.064655,0.05706377358926318,0.3360272532907884,0.6091534652461126,0.2519130815132373
0.5845150994172763,3163.064655,0.04302009975927934,0.32733298081095974,0.62203752310458,0.2815331365181326
0.5836958047517246,3166.647218,0.026310784844452595,0.2977713983833219,0.6029427448043787,0.3160721671146782
0.5870454567850503,3166.647218,0.010989878832634359,0.2914886146077187,0.6233105908125651,0.31032474004995625
0.5921852132875159,3166.647218,0.013122182605524113,0.27809141660494663,0.6497231132492851,0.3213344123113375
0.5922164163614004,3323.197991,0.014597692051770306,0.23611482647342008,0.6232796620393817,0.359561802295602
0.5951524962963499,3323.197991,0.013809900779571338,0.2212664166795859,0.6238233328756382,0.40060775430276463
0.6010458465634468,3323.197991,0.014962604734321427,0.211737651966164,0.6080142770288557,0.45785355167392217
0.6031922869800114,3309.75491,0.018533546715991278,0.1883999124668181,0.5950052752157411,0.5338852117069144
0.6034711686860781,3309.75491,0.013977379648905996,0.16060484590242696,0.5800549856507873,0.5947241576242506
0.6053415253073862,3309.75491,0.0071470067857557495,0.1393387442058951,0.5760192438295821,0.6395644710719859
0.6037325835370144,3007.144027,0.000895728557319897,0.09905868215603197,0.534732070655036,0.6438546222884893
0.5991785171405265,3007.144027,-0.0071132669931819326,0.06918578723555457,0.49310396057804473,0.6745993998993778
0.60360852195586,3144.818437,-0.0028628522562468284,0.06132326267244492,0.48578291288639086,0.740600982755375
0.6060903720186552,3144.818437,0.003905352379405258,0.04378838927481654,0.4765283299097558,0.7947195795442046
0.6006069816327513,3276.969837,0.0023840382312800834,0.02753031056258015,0.4232389669157408,0.8119106859907945
0.598104750822423,3224.00046,-0.009118113699924657,0.024685711210186367,0.3761559299035442,0.8316934849572517
0.6013541898214189,3224.00046,-0.007814316834405366,0.024374148323590195,0.3655716509198388,0.9017894248686411
0.6033939004614267,3224.00046,0.004640170550630707,0.018927671482517727,0.341567541865186,0.8975042789610248
0.6055396522908705,3320.40917,0.012430768119169988,0.022497241821374248,0.3321754858815418,0.8889050059102481
0.6033585726371998,3320.40917,0.003333115241745066,0.013788191080297052,0.3022064643282678,0.8778552462213625
0.5975176234778145,3320.40917,-0.009738707963601545,-0.005870139700333121,0.24717987049071888,0.830886632996662
0.5953304226347835,3177.663796,-0.016859721105733527,-0.013033761397364119,0.2216315255602912,0.8584280220957772
0.5921576769373007,3231.441452,-0.0185642438971928,-0.018747360828206494,0.19381866982088702,0.8838143275833841
0.5872960536718769,3231.441452,-0.017106725231707087,-0.02981039773596561,0.15708140478741672,0.8535518940115454
0.588302786907615,3267.539435,-0.011804597010288909,-0.02555733622823997,0.13143278547920545,0.8199077104111909
0.5861270547572357,3267.539435,-0.010184149281414312,-0.021782260227847572,0.10317438106217525,0.8324953088027871
0.5830786714373702,3233.383152,-0.007181015789462286,-0.0340118632718559,0.06145948338393237,0.8597582734617213
0.5789921576158628,3233.383152,-0.01582625392732384,-0.04470985789221282,0.033164855105346724,0.8483825910913398
0.5763993713491742,3233.383152,-0.016596543921847395,-0.04030524290238624,0.013481485351505285,0.7980106577203212
0.5708636986694052,3440.562336,-0.020949098923226606,-0.04554562075549473,-0.01687779902357156,0.7555019362100537
0.5761793931648175,3440.562336,-0.0048580354915815915,-0.04186350919759518,-0.014260891225511552,0.7486452855630905
0.584368170538763,3440.562336,0.013825135115842269,-0.03153119364997625,0.0011519112893476624,0.716160866068297
0.5855955294087685,3793.300743,0.025806213941613088,-0.03293611377330885,-0.0024698724085564505,0.6856137683096841
0.5858951264054717,3793.300743,0.016862340715255275,-0.028943727699761945,-0.010621823613468528,0.6479628092032559
0.5819300204542144,3793.300743,-0.004172284199361442,-0.02608726907981962,-0.01736931909180439,0.5891483282046996
0.5795232980016547,3936.163392,-0.010369326783017718,-0.0265518509253575,-0.026260829605783687,0.535984473721189
0.578117502534078,3894.937512,-0.013274771406804886,-0.02371019569625421,-0.03814741281462042,0.5304597353739491
0.5796136543964968,3894.937512,-0.003980489021531475,-0.013080965259937294,-0.03908974483338501,0.4954153689607874
0.5791176007766233,3950.270345,-0.0007000533480367999,-0.015613025019434512,-0.04035581014164957,0.46259879828319606
0.57846124526248,3943.256785,0.0005945897276855572,-0.01307875047319007,-0.044405148038137,0.43937527722873093
0.5796752599456393,3943.256785,0.00010628726337835737,-0.00583696790579058,-0.03984764819290265,0.437365841001343
0.5894306481388318,3943.256785,0.017808209158862054,0.018028725235160303,-0.016268722463907204,0.442489368706394
0.5852924840677417,3496.859023,0.011809328388390217,0.01542873424332769,-0.030344233425945055,0.416667266567599
0.5914078072430707,3496.859023,0.02023986205402606,0.03598776489300448,-0.02422504209509624,0.4149607375973794
0.5916204739619351,3496.859023,0.0037151543273459264,0.026799085458963257,-0.014962376305360903,0.4055958489890752
0.5966128157159987,3435.979933,0.019341324135210947,0.020953648392496582,-0.0024944378127289557,0.41071649446779523
0.5930118960968477,3209.915696,0.0027123227561953733,0.012664657285835101,-0.01387251284812463,0.38243022955395767
0.5911621450647544,3268.104162,-0.0007747008721847859,0.008989695291709232,-0.020271592714673603,0.40423278515262684
0.5971025287861146,3268.104162,0.0008208222438672585,0.026072736924720896,-0.013933230421553144,0.42754959274430515
0.5969181979887215,3417.839367,0.006587223490092997,0.030015876923410678,-0.010674207578303507,0.4311781446304366
0.5971353597187038,3301.186777,0.010104190032829585,0.032896179585057084,-0.0006397531120265754,0.4737366032703072
0.5981721265518177,3425.250873,0.0017913134078959558,0.032018693856762814,0.004773322190486207,0.501467599828451
0.6026795585894865,3425.250873,0.009651842782105735,0.040685963923848156,0.01776871610717956,0.5245356962529395
0.6033265819197887,3595.962571,0.010368205634316174,0.04298531122171534,0.0272954809549395,0.5360966432768757
0.6002377630477372,3595.962571,0.0034532476593767125,0.035472452462480986,0.020287131738501385,0.5718552126813334
0.5975808857650426,3573.307516,-0.008460006236775008,0.013827305471722173,0.01954154976270628,0.5789042171620338
0.5945539559427206,3412.177182,-0.014540426760500935,0.015823664453389785,0.01968050808146038,0.597822107863252
0.5963621569732976,3412.177182,-0.006456784816005312,0.008377213945352402,0.030000405236851435,0.6357854361972044
0.5934849948403783,3412.177182,-0.006854119705352768,0.0031515489414302156,0.029641988420653353,0.6355074259964935
0.5886775115741755,3335.884887,-0.009883786508875447,-0.013300592834734837,0.031205019598008255,0.6313606657276305
0.5743652562242149,3335.884887,-0.03688513848820174,-0.03144395583859849,-0.0031485626909321107,0.5938715672050896
0.5605088422410573,3335.884887,-0.05556358271229778,-0.051852614514651285,-0.04082927424967098,0.5392668145887516
0.554485343710559,2744.111,-0.05808302031477908,-0.07137331198746488,-0.05312572268032689,0.533274673183056
0.5516572162532752,2744.111,-0.03953588718130108,-0.07582442935723899,-0.05843692601140005,0.5368192920445776
0.5449223540537493,2744.111,-0.027807747198044686,-0.08743914560603272,-0.06359470228323916,0.4936454821040799
0.5382737909897958,3159.269866,-0.029237116732927837,-0.10013561799896598,-0.07117834115401023,0.46863458815003467
0.5336093682447687,3159.269866,-0.032715692783071404,-0.11460516515006747,-0.07698804152134409,0.42759739111408956
0.5262097251889214,3159.269866,-0.03433999124026066,-0.12781942490496778,-0.09213711375240197,0.3914423404654179
0.5224840594575948,2946.970846,-0.02933401513598921,-0.12953817366528908,-0.09779281659386685,0.3680082593945475
0.5225933249448971,2946.970846,-0.02064439636078219,-0.12548520644890448,-0.09658023035273966,0.3605825841731567
0.5161180258551693,2946.970846,-0.019178093544601316,-0.13192398991473175,-0.10964282673790537,0.31200950242323655
0.5025013280049387,2939.742283,-0.0382456289162213,-0.15738897559283183,-0.14748014954495237,0.2521922959129308
0.5002675600442811,2939.742283,-0.04272110613538749,-0.15706788816315176,-0.1452691198638728,0.23140904335925505
0.48632432150946964,2939.742283,-0.05772653318266441,-0.17386971313207533,-0.1776836295473716,0.1847600149813473
0.484787029397019,2855.611731,-0.0352522423736672,-0.15596038558472136,-0.1805776663702645,0.14878416667333005
0.47914975435440055,2855.611731,-0.0422130223435061,-0.14515219342724806,-0.19688323526981233,0.10245701084960257
0.47585635445494184,2855.611731,-0.021524662846466258,-0.14180535184111454,-0.19756018793722918,0.08058771112362817
0.4753522405351533,3305.107041,-0.01946171883682768,-0.13831954603325447,-0.1959020980900521,0.05688363168268662
0.471186523115065,3305.107041,-0.016619503958767767,-0.13531438082903702,-0.21087836611081145,0.03660120852024629
0.47087631271426733,3305.107041,-0.010465430783999419,-0.12521040296536767,-0.21115436872111526,0.016274908692285317
0.47385609380340465,3426.387081,-0.003147448574270406,-0.11197943289098133,-0.20645112353315176,-0.01093497751382877
0.47330801329349736,3426.387081,0.004502442396711492,-0.10053351232995755,-0.2087427810755802,-0.02876122510144552
0.46933610130823816,3426.387081,-0.0032709468801922492,-0.10172168353716093,-0.22125100375616835,-0.053795598731977035
0.4703176296147119,3390.310408,-0.007467381415930063,-0.10003131083945094,-0.22045929400597852,-0.07338763785577607
0.47113336372248116,3520.342257,-0.0045945758574506,-0.08715964155321232,-0.21508876527481713,-0.09390921492876803
0.4767386263691514,3520.342257,0.01577233253585053,-0.05126892248836834,-0.20221908410136824,-0.10271018066031745
0.4777015628984875,3594.918358,0.015699886244588734,-0.04510785617159785,-0.19653791195275594,-0.13037317431634077
0.4795926308878037,3594.918358,0.017955143525571593,-0.013841978128447119,-0.19580304471050192,-0.14420559159018487
0.48364691836405227,3594.918358,0.01449073268410106,-0.0023517770976356767,-0.185073047223153,-0.1496049066432068
0.4900518383435883,3558.549577,0.025853537866120213,0.022752978354078524,-0.1675376947334941,-0.15604925829431815
0.49642038064542243,3588.080922,0.035087590329459184,0.0432147768921467,-0.13570611163215118,-0.15071418832409733
0.49979540872616574,3588.080922,0.033389007039962504,0.05142116962253973,-0.10831842236804656,-0.14373993327097134
0.5033370239231736,3588.080922,0.02710975562195661,0.06823306531680529,-0.09224467403431469,-0.14259276159005685
0.504701108002264,3431.019307,0.016680877094682023,0.0718337159349145,-0.08511827067164279,-0.1477309857157425
0.5109459877776228,3537.840087,0.02231028708302185,0.07827248495743966,-0.0623508395707606,-0.1372309620917066
0.5178395224621443,3537.840087,0.02881269974128564,0.09408568610274726,-0.03796259240130617,-0.12990447711355724
0.5204902738259055,3537.840087,0.03128419092666368,0.1089926225045954,-0.024585577389723334,-0.13402567075062188
0.5271148638924005,3498.105292,0.031644981077363576,0.12076356636730234,0.0017201101768959948,-0.12612466162076763
0.535525176878214,3605.650334,0.03415277059576427,0.1366742797558751,0.024959837883202773,-0.11259194363137703
0.5376036267222726,3605.650334,0.03287929430568215,0.12766953837298645,0.02872272005953813,-0.11190030049684263
0.5341647172927219,3794.516888,0.013374415868797174,0.11819755005958177,0.034966210311392576,-0.11522960353857958
0.5411169905296794,3885.641765,0.010441738115960053,0.12828462257225293,0.0768468865108376,-0.09690188307807734
0.5449322906736429,3885.641765,0.013632095445584413,0.12671510968557387,0.08928168483562748,-0.09720908361613212
0.5494480879276469,3854.223687,0.02861171870801371,0.12120401340564779,0.1297976753912935,-0.09345517880832621
0.5523025358197757,3752.618727,0.020671214332315113,0.11257022747877099,0.13926838452491785,-0.08042604779861173
0.5594856629772151,3884.587295,0.026706753394227123,0.11942937691881284,0.1676634661559162,-0.06456910397736304
0.5667954962750099,3884.587295,0.03157242463576915,0.1260755107129219,0.19110628862828172,-0.057468118009906366
0.5598990136217044,4170.107933,0.013754196856353929,0.10936751424606106,0.1778613118376553,-0.07208373635607024
0.5550306133885567,4074.860158,-0.007962759161604827,0.08628040275388327,0.17794246261372137,-0.08341161261897301
0.5555810971276022,4074.860158,-0.01978561795411038,0.07288276199161081,0.17988754610541347,-0.07918587333692584
0.5540328810819581,3990.711976,-0.010477126047787055,0.06444425370236995,0.16920070951291288,-0.07277566499671773
0.5565795323123528,4179.442298,0.0027906909752952735,0.05589800333531647,0.17593515571269003,-0.0650913994129999
0.5560943494842284,4179.442298,0.0009238117698384674,0.03840934748562197,0.1848531317624158,-0.06090156196166441
0.5576188939969582,4094.938993,0.006472563339556592,0.03723052873864918,0.18562192630066665,-0.05053185610455224
0.5570061161347634,4094.938993,0.0007664382134899839,0.0427609651154186,0.18226845947353687,-0.0531982364682666
0.5537101451557311,4230.208372,-0.004287409736690617,0.02327251748965553,0.16145433688223676,-0.05530696687415515
0.5538454956125716,4152.570289,-0.006766984449431468,0.016356536566974667,0.15939644880388393,-0.05013590319250538
0.5501075068787498,4152.570289,-0.012385158898945647,0.0012001478676357813,0.14703077455633884,-0.049887809976653874
0.5471252825823443,4152.570289,-0.011892255597980572,-0.009373944354151731,0.13124939249692558,-0.05078785686096121
0.5480976435902097,4288.097219,-0.010378078485597353,-0.02035444362667993,0.11844829608806395,-0.0398800188771149
0.553475689776254,4288.097219,0.006122772104338203,-0.023500198195458233,0.1149334542966407,-0.03940387951720614
0.5545625711607846,4288.097219,0.013593392254398262,-0.00953108030393024,0.10957916275022317,-0.05100483031185443
0.5540571137313417,4324.609926,0.01087300814157044,-0.0017539566894727576,0.10076765148893507,-0.05385699530402621
0.5516290285468206,4324.609926,-0.0033364811924800897,-0.007113396408218509,0.09298160792693588,-0.058485036509651867
0.535548589561437,4324.609926,-0.034286449515603556,-0.03336316697381492,0.04815108127343182,-0.07970276367006335
0.5387016996579266,4330.553152,-0.027714496742046846,-0.03212089488837544,0.04028695433788054,-0.07043996071338543
0.5410440303100132,4330.553152,-0.019188617148542475,-0.027064326742708644,0.03948922298398716,-0.06412791873894086
0.525731516116424,4330.553152,-0.01833087349376139,-0.057184894959294796,-0.0026243763375620732,-0.09296216172853244
0.5229841828909338,4607.699273,-0.029176660806849664,-0.061079999408118146,-0.023418122114046036,-0.09692922095686951
0.521236939523333,4607.699273,-0.0366090182629516,-0.05864657874972656,-0.030443781227306732,-0.09892504676468183
0.5167739017269463,4607.699273,-0.017038381978024764,-0.06693490184410167,-0.03255702782826342,-0.10851137277204448
0.516752423213153,4494.802761,-0.0119157708428832,-0.06063375476340971,-0.04502643188615629,-0.1233024193010075
0.5153780775940976,4494.802761,-0.011240304523684297,-0.05802547606355335,-0.05423465187392462,-0.11945208314951161
0.5014149068066982,4494.802761,-0.029720918314414924,-0.08517229973426832,-0.08742078128275121,-0.15216725131831943
0.5065276341847977,4626.629288,-0.019786630055409815,-0.08482406085520278,-0.0828801221544907,-0.14383011326043493
0.5040764740792268,4626.629288,-0.021928762604007557,-0.09103769296200892,-0.0990359406229232,-0.15510283922700918
0.49120195120804816,4626.629288,-0.020368272781701058,-0.1134452766069376,-0.13337005245059974,-0.17168280359787658
0.4863442208112689,4742.080911,-0.0398466184495776,-0.11834911572281503,-0.13137153490349374,-0.1773082480475877
0.48875238422165773,4742.080911,-0.030400327421669315,-0.0873799432057153,-0.11941364596496595,-0.18145986550204085
0.4896975945837469,4742.080911,-0.003062603111818829,-0.09096705116263248,-0.11858485266053531,-0.17962361302812968
0.479014516473143,4641.528765,-0.015071021767050552,-0.11464781119815315,-0.1354041739586168,-0.19781250820786211
0.47892510040807174,4732.92445,-0.02010687646922893,-0.08903102491193793,-0.13952081849230014,-0.19935236172094695
0.4812010891184967,4732.92445,-0.01735051501013074,-0.0798936089070037,-0.13467725474138414,-0.20156394511753228
0.46671291679900934,4732.92445,-0.025681058195703765,-0.10460506266916825,-0.16302528156164797,-0.2264340229897942
0.4548652078410525,4685.106356,-0.050237276239058715,-0.11979841412077574,-0.18337484155918793,-0.2421916183156293
0.4542722614223892,4666.498498,-0.05596169315709143,-0.12090927682982844,-0.1795847242520272,-0.2398146054474033
0.45427269988617647,4666.498498,-0.026654965965277277,-0.11856417718265189,-0.17978442817570317,-0.2359436930061548
0.4674421725756025,4666.498498,0.027649871913142388,-0.06775373801200657,-0.15027123474860649,-0.21617733937377848
0.45566994095181457,4666.498498,0.0030767441644996563,-0.10040457775780232,-0.16715612409442138,-0.23221320688255986
0.439880849430315,4652.947394,-0.031681081560629765,-0.1273529473204934,-0.19744072142153557,-0.25276430510478487
0.43608042789762985,4652.947394,-0.06709224481216514,-0.11221763914995453,-0.21210554329148934,-0.24076113035744418
0.43224978467175457,4583.211419,-0.051397193835387545,-0.11122664529513604,-0.2205572334840603,-0.22882610924832225
0.4236923515811058,4583.211419,-0.036802006430093015,-0.13311450693823335,-0.23529119818042588,-0.2358817840958608
0.40828798339109607,4583.211419,-0.06373238221335187,-0.16624466220188538,-0.25985043885985093,-0.2598882578495192
0.4252795962148806,4243.352907,-0.016125371727292004,-0.11217806227230531,-0.20589913874454635,-0.2195592765626707
0.4162514680047557,4302.804959,-0.017561996454698137,-0.1308631189927496,-0.22730619140597896,-0.22669192709654573
0.4043741305101153,4302.804959,-0.009586010463677352,-0.15965665985735666,-0.2526040250764571,-0.2421907212007055
0.41033678937442614,3993.846595,-0.035136430182519995,-0.12079401575436077,-0.2194936449585867,-0.22020295381825983
0.4043556331121571,3993.846595,-0.028578481535740052,-0.1110429504349899,-0.2268300909657075,-0.2260900102255179
0.4046172011906914,4317.603196,0.0006011034392072734,-0.10930682863228525,-0.2237365188263316,-0.2257513024427651
0.41260786252853976,4319.361567,0.005534656440569163,-0.09171767831982058,-0.2015698525995725,-0.20055521826644374
0.4108950843958048,4101.062876,0.016172524253752263,-0.12097130190077565,-0.20485117062273261,-0.18230050052371927
0.40700114085236183,4101.062876,0.005891839631768203,-0.10680713324603364,-0.2102862761405453,-0.18643307430060785
0.41743848298125885,4101.062876,0.01170753369341071,-0.051019194125229705,-0.16747891354138245,-0.14164588420007584
0.4092729863115951,4269.43722,-0.003947718397738664,-0.06147361787199457,-0.19200264962784042,-0.15576745768002243
0.40885068443709044,4269.43722,0.004544320393931045,-0.05413328372721604,-0.188911394478548,-0.1467162808254594
0.4167471264534514,4269.43722,-0.0016561878120817664,-0.01639214184947324,-0.15157680984671307,-0.1242165360367955
0.4237941097488788,4048.312844,0.035480288030122376,0.037978404921434006,-0.12861283919042044,-0.10846300151700161
0.417064290920098,4048.312844,0.020089501609410698,-0.019317421686583014,-0.14667569021831706,-0.11486371010180652
0.40508779740017414,4048.312844,-0.027976987274031195,-0.026819534494600283,-0.17277968713628833,-0.13971506643617115
0.4072035022897947,4048.312844,-0.039147800966169544,0.006996915891009481,-0.14991406672197294,-0.1406599859856673
0.4045620082686709,4290.091863,-0.029976871488674894,-0.01407327165219363,-0.15527081807998622,-0.1452458084249616
0.4091061332211744,4290.091863,0.009919666419945683,0.011748321823674468,-0.14982292751953596,-0.12833014106346685
0.4104261326820646,4290.091863,0.00791405372043319,0.014356610332627806,-0.1206025847816522,-0.12734265773050202
0.4243522884568018,4290.091863,0.048917792040888086,0.028463892705024918,-0.06708123386502907,-0.09929476209465726
0.42409907857154505,4637.121617,0.036648058126923955,0.032134709509012316,-0.0664209228984568,-0.11041594887854989
0.4286887798289205,4637.121617,0.044496794167351306,0.05328643288600943,-0.05631841857031317,-0.10260126170025174
0.422964052904347,4637.121617,-0.0032714223304962653,0.01323684841806072,-0.09515213277865242,-0.11807641389032186
0.42574816634375645,4637.121617,0.0038884493165274314,0.04025474581314814,-0.06566545632910692,-0.1197128521280354
0.42949436051973555,4519.441028,0.0018791737239693962,0.05049196899613251,-0.023612050681521835,-0.12357361626994712
0.4354391909216785,4519.441028,0.02949455853675742,0.04485229358939535,-0.0014704557575372368,-0.12284183345667454
0.4361013023185725,4519.441028,0.02431751160252027,0.029040499352353866,0.00891039806935412,-0.1274403591860339
0.44142546428617074,4519.441028,0.02777941892414426,0.05841107449484295,0.04185374751016813,-0.1230021967278383
0.44862458114775816,4240.155517,0.03028066949640107,0.10747493266151231,0.09879447693179833,-0.11110838863911165
0.43862626630692764,4101.656792,0.005789856565277196,0.07716722434958401,0.031383283399524675,-0.141540834453466
0.4404322827354466,4101.656792,-0.002249941680030232,0.08866446609824563,0.05809184252634192,-0.14948113531129015
0.459689772373091,4101.656792,0.024664701156195568,0.12364429433906743,0.13679322609781042,-0.1168139051012338
0.46343119767195523,4101.656792,0.05655140439690487,0.12914641824464623,0.12939226916132363,-0.12081553866681505
0.4661170404684878,4347.615631,0.05831715507663904,0.09841999948572822,0.15274031644119512,-0.12960760652623915
0.4628113953889685,4347.615631,0.00679071670392517,0.09128130376471155,0.143825309519777,-0.13912151558445862
0.4792830770873503,4347.615631,0.03420546457602969,0.1180210437945699,0.16159462922061651,-0.10274291511338529
0.47043455141571233,4347.615631,0.009262718528558977,0.11223293843862603,0.14490187223207251,-0.13062321152543865
0.46978813435556366,4431.540647,0.015074691410162044,0.103441356870692,0.1542673648818531,-0.13789631777039013
0.46829589734346205,4431.540647,-0.022924197137646485,0.09034236625778358,0.12183211763081858,-0.1476976485444994
0.4796555005531458,4431.540647,0.019600918150429747,0.10154416633439967,0.1719696060955409,-0.1315348573563958
0.46656421440422285,4431.540647,-0.006862497614511409,0.06985283447605295,0.14116040932300988,-0.16608369922926247
0.4751416367570836,3918.200743,0.014618405697030212,0.07638021636435344,0.1401197671129102,-0.16170534190951957
0.4742066552583666,3918.200743,-0.011359914122730852,0.05702334465302683,0.11895527651236093,-0.1530496683840129
0.4762217863714721,3918.200743,0.020699341417732775,0.08571196700344696,0.1418426289166712,-0.1419900544511289
0.4766872319297102,4135.84151,0.0032529146112632024,0.08231673883914814,0.17675041062469998,-0.14200242881872593
0.47763411369963443,4135.84151,0.007227773805495108,0.039035763693214154,0.17296170345734496,-0.13789572783681414
0.4677259859141915,4135.84151,-0.0178400079551454,0.009267369706250195,0.1561292863752377,-0.15964213780735403
0.46491760348079436,3858.164468,-0.024690462971433846,-0.0025732528175496094,0.13642296149455846,-0.16395913047489064
0.4774458117026555,3858.164468,-0.0003942390034087362,0.03162069140797086,0.1632929135935588,-0.14377755696122452
0.4712925142399531,3858.164468,0.007625251607072059,-0.016671906915546875,0.110616172128714,-0.1538826943043342
0.465772827538436,3971.559766,0.0018395174784493484,-0.009909399433454591,0.09826418182104257,-0.15881471269153413
0.4527177030759575,3971.559766,-0.05179249251032958,-0.036336446221705176,0.056052139401983725,-0.18259206464207745
0.44160130325786695,3971.559766,-0.06299953868346231,-0.05700368984017923,0.04406343807598878,-0.1972454515964256
0.45118303178936187,3886.747362,-0.031323844772525256,-0.059360246533082806,0.05974157367261301,-0.1753570047798746
0.458385577352747,3966.425352,0.012519665650977396,-0.01752949926071712,0.06726797715818633,-0.16367898546292015
0.4514285638862272,3966.425352,0.02225369480538375,-0.049907377161685584,0.03672010535088632,-0.18437508236591205
0.4499973219964068,3966.425352,-0.0026280017407849243,-0.051052284892057376,0.031864201285239924,-0.18855446545104304
0.4508544879210154,3966.425352,-0.016429595091592697,-0.05326782431299604,0.02136039806877088,-0.1862671252703535
0.45931551487335015,3928.841724,0.0174710942507188,-0.036442589380958235,0.023830468001196925,-0.16734709178858087
0.46793621423983667,3950.482392,0.0398644422234431,-0.020304034367814028,0.0668221449200661,-0.12624881596078597
0.47864695970660154,3950.482392,0.061643994969958094,0.023349084979882972,0.08676629409136494,-0.11148050950917654
0.46485519030312467,3950.482392,0.012060719157945377,-0.00013424567536790555,0.011236747564271177,-0.14081818805621615
0.47403317584641463,4036.549718,0.013029471584033114,-0.007147692518383986,0.022877135220326972,-0.0983360112247117
0.4759018784970269,3992.594577,-0.005735085440127463,0.00978026197701709,0.02099223409361839,-0.09002624923309721
0.48960767595665755,3992.594577,0.05324773428342744,0.051172689794263926,0.05789892132013774,-0.06068116276563251
0.47708733779419943,3992.594577,0.006442928688126903,0.05382964826129899,-0.004581299441020481,-0.0767967650845427
0.49891222129581553,3992.594577,0.048351023264415094,0.1297797755920178,0.06053481784958881,-0.034523692809039
0.5054514822894972,4055.117367,0.032360208205236995,0.12028034450876901,0.07591368390531006,-0.01926080238208805
0.510433665484385,4055.117367,0.06989564603487786,0.11354652219257066,0.08998107474347106,0.01798661857726458
0.49827055144854804,4055.117367,-0.0012861377610692282,0.10376389823247067,0.03880920968056256,-0.016301347012465772
0.5184649990549391,4055.117367,0.025746322290906676,0.15215129893390578,0.11124038888621324,0.028544329512689925
0.513661413746283,4110.571871,0.006323541098792962,0.13930642259963633,0.08107009365060702,0.04572347989049863
0.5167431297367717,4075.031619,0.0370733896163864,0.12502868508427456,0.08970028996161927,0.06250492475225577
0.5182703049719433,4075.031619,-0.00037552020551201437,0.1075661365809748,0.08829608347164442,0.060394428146459234
0.5387772861585994,4075.031619,0.048895774025810024,0.12562563123529769,0.13025323539197453,0.1002244898028779
0.5345943575815756,3807.360367,0.034545651054707305,0.15002342392471757,0.11925497414902253,0.11602955484032562
0.539115724277084,3807.360367,0.04022113384688164,0.13729534502402818,0.15263154178478677,0.1256785744111686
0.5203129088996683,3807.360367,-0.034270890279319954,0.0933197207434826,0.11915080221556362,0.08127957451804568
0.5125362206058683,3714.945456,-0.04126144741873994,0.04683044358814459,0.07349610792075922,0.09818306320112602
0.5050118300937129,3714.945456,-0.0632589491413964,0.05853119562682507,0.07154647025985206,0.11024501629982564
0.49965731530934027,3714.945456,-0.0396984069336459,0.0014934370851640288,0.07274895779124879,0.09990716524236865
0.502822727595104,3780.315874,-0.018951817686722716,-0.005200805193974145,0.11067608838512744,0.10687419191400305
0.4982236397416681,3780.315874,-0.013441646210119673,-0.023920886431207378,0.12822049225415744,0.06585085593894968
0.49022207661110034,3780.315874,-0.018883419514029387,-0.016152820619339314,0.08652595969070953,0.0758271120256746
0.4870438391663726,3769.40494,-0.03138061897917499,-0.060604206544011996,0.06251999022118415,0.10721764722682936
0.4779398214316172,3769.40494,-0.04071227595817861,-0.0695430712891939,0.0587274702273195,0.09599007627054945
0.472872947583039,3769.40494,-0.03539034624469728,-0.08489746574101553,0.05083502605114365,0.09398075916251347
0.46409259621306964,3556.906227,-0.04712356693103126,-0.104535622124456,0.029362263538947886,0.0953527824639766
0.454450608421323,3556.906227,-0.04914680040665953,-0.1565149086712858,-0.01059164407579083,0.11306388360200192
0.4486882055230099,3556.906227,-0.05114427074681005,-0.16069408672248653,-0.041133830062918264,0.05504286948274295
0.4316204613335055,3416.826009,-0.06996908622230169,-0.19939181534302675,-0.0982488187158278,0.03692237627994199
0.4263027459774819,3201.794574,-0.061938221496988466,-0.18068005101198503,-0.08293430971589955,0.0542285319778093
0.4147073542314676,3201.794574,-0.0757337743075569,-0.19087210316327963,-0.1251512017255274,0.01065116501911656
0.40409143925052954,3201.794574,-0.06378062336971735,-0.19983767672225805,-0.1508933721238631,-0.0006533700534704368
0.38882330680968785,3201.794574,-0.0879174237591559,-0.22182004566676772,-0.20584719990356448,-0.039034164475770905
0.3811816936335957,3101.040902,-0.0808417315386204,-0.2419163400653983,-0.20102324367697721,-0.07616473593682505
0.36182414304704225,3156.967262,-0.10459834606217011,-0.2737716274670343,-0.27477394298483393,-0.11942450326685772
0.35121297322546624,3156.967262,-0.09672859863472705,-0.28356353174994164,-0.3051499787188099,-0.1370712807095854
0.3491669037858794,3086.729002,-0.08398826696669748,-0.28308937367216114,-0.31594068456567936,-0.16354883887991845
0.34154298958572704,3086.729002,-0.05605251570699743,-0.28538494958910965,-0.31454309592888885,-0.16548855895977121
0.3259234935691978,3086.729002,-0.07200610906828175,-0.310758851325569,-0.371368377492612,-0.20283001600466333
0.32037498200390246,3246.413723,-0.08245890853284621,-0.3096744386397945,-0.37629151532463,-0.23124849178849283
0.32192344804046835,3246.413723,-0.05744384204476316,-0.2916206028224484,-0.3770145561403869,-0.24037771966385846
0.31584044856230886,3378.035895,-0.030936846241027993,-0.296080341148812,-0.3905874105995577,-0.24270560813172515
0.30094631594951127,3378.035895,-0.06064351820753133,-0.30275243435001253,-0.4414272396388256,-0.25708372880900343
0.309715357969847,3378.035895,-0.03792233881977647,-0.27348495665986927,-0.42065352247458676,-0.23940890432363782
0.30629934820915233,3378.035895,-0.030208608164619788,-0.26140844843037836,-0.43184860983255857,-0.2428865243180769
0.3184648421785147,3311.986061,0.05821146596771243,-0.21189906232813782,-0.38793591946048733,-0.2215593550968752
0.3205861946674581,3311.986061,0.03509944346598859,-0.17549645545201042,-0.3745101677136231,-0.21889429268920546
0.3217292040164465,3311.986061,0.05037508534545787,-0.15596890042231903,-0.3629273913113191,-0.24183464360132023
0.33050141234962777,3311.986061,0.037795601199726914,-0.08656893493517392,-0.33854383349713846,-0.22069764107286893
0.33255238884775146,3356.295444,0.03732598090415529,-0.05313181972277359,-0.3386289628587793,-0.22425683970440002
0.3323039046563421,3356.295444,0.03286832686582919,-0.04829495277673357,-0.33302260641698256,-0.2143448069061029
0.33374979942354727,3356.295444,0.009828663214555666,-0.02281759661245719,-0.3191865169949998,-0.2160863491445506
0.3338857553951139,3356.295444,0.004009493216940552,0.02442984928371117,-0.31446467741672923,-0.22260735859005154
0.3343915068021056,3166.453912,0.006282207691548081,0.04375037248705138,-0.3003480944515736,-0.2320592317510256
0.33815711913996105,3166.453912,0.0132054602700169,0.05042711613057782,-0.2848880003215264,-0.22459043955586067
0.33951926535695254,3166.453912,0.016872567549855777,0.0749708180267239,-0.26842343935804613,-0.23085709179467195
0.3435938649365569,3015.588778,0.027519712514400885,0.1417114838322211,-0.24393573565642657,-0.23411716750448974
0.3407749304072615,3015.588778,0.00774140516088595,0.10028425016120246,-0.2405083837449219,-0.22308590117855576
0.33995391047750767,3015.588778,0.0012801780779603256,0.10987474333564284,-0.21237767684319464,-0.2281358024754353
0.33897973441628687,3015.588778,-0.013429024761900332,0.06441807546929357,-0.20483802270841478,-0.2625902189070982
0.3443762687627338,2407.377852,0.010568084780087306,0.07420804292571925,-0.16959208644628643,-0.25689882232204775
0.34872021519147806,2407.377852,0.02578674474330067,0.08389356899553269,-0.1370264714386149,-0.2518612603371372
0.3435090462878982,2407.377852,0.013361600744099533,0.03935727186699589,-0.11654203780528272,-0.2577774667816962
0.3456085148916922,2407.377852,0.0035781969918704526,0.03926035861350585,-0.09332341855875592,-0.27890524115312265
0.34253265632514984,2537.836728,-0.0177436196606231,0.03078131651623539,-0.053317300939158874,-0.2718803172633859
0.341349687419564,2447.831512,-0.006286177588826547,0.02277121367306667,-0.02808348938628291,-0.2733965324862585
0.3359031211891982,2447.831512,-0.02808204452235652,0.006042084040683182,-0.03798694106705769,-0.28271180017868724
0.34159388638024113,2447.831512,-0.0027406728309653516,0.021538763490180246,0.0001490201704208438,-0.2878349440665019
0.3425076194126415,2447.831512,0.003392216356871147,0.01286532214298819,0.050883493122359624,-0.2658939352003129
0.34899201855578,2465.21923,0.038966286827711416,0.027900488029356074,0.08932356819150433,-0.26549897639426967
0.34168776628991554,2470.430412,0.0002748290101712847,-0.0055475339962584025,0.06139446619918987,-0.2794538783861005
0.34458603994456644,2470.430412,0.006068246118113185,0.011183655830404815,0.09101301468227452,-0.276416892704326
0.3443464698013538,2470.430412,-0.013311332372730744,0.012921043672291521,0.1442122782427535,-0.27762598463696775
0.34350120669601236,2411.863855,0.0053073027044174825,0.013338473721773658,0.10908677227899899,-0.2808277364542957
0.3478814328876864,2411.863855,0.009563338502192709,0.01017829752771826,0.13575636031109117,-0.2562281263724604
0.34814396450869256,2551.111074,0.011028121500793908,-0.0016524728354766482,0.09319434486756095,-0.25117061194893153
0.3507144416827287,2551.111074,0.02099915472232916,0.02097585339511432,0.09397861641086092,-0.2654361330932624
0.3595334754999797,2603.603872,0.03349429291345696,0.04029113869677481,0.11750338797842153,-0.23713306569319403
0.3565199063888931,2603.603872,0.024058845575624987,0.040834792845169776,0.0787243051528661,-0.23456267667423614
0.3560199529668473,2603.603872,0.015127724021465339,0.04297723445474144,0.07056802147898478,-0.21359392277373812
0.36895599546552543,2689.220867,0.02620762907387819,0.09840002128979974,0.11029690080556764,-0.1645042875924696
0.37192071248367337,2689.220867,0.04319760501109582,0.08878035384296745,0.11436984569295605,-0.17567664056722043
0.37420773663915724,2689.220867,0.05108641670430081,0.09255302781549068,0.12076580265105075,-0.1836398108329036
0.38373965892943107,2690.319739,0.04006890698510679,0.099565716480984,0.14757597344280016,-0.14994377930824876
0.38208459905779896,2690.319739,0.027328100406808442,0.11822733136312369,0.1299025731871597,-0.15091806021714527
0.3888022416740842,2690.319739,0.03900107775965167,0.12831686894985905,0.14515516892780211,-0.13763253535096676
0.3926516565072414,2993.09944,0.023224072285552344,0.14028076644361653,0.14277842702384325,-0.14513739729538722
0.3997456606184196,2993.09944,0.04622290875940016,0.16373873752409196,0.1730489098499175,-0.1457261728122342
0.4100431260948875,2993.09944,0.05463158938936519,0.17868643546512586,0.2061727000549305,-0.14332867308666586
0.4184287407233749,3062.805808,0.06564873416154327,0.20188423003072753,0.23437686162536187,-0.09987292935134451
0.41968014693738265,3062.805808,0.049867924239937356,0.19664347132030358,0.218667443158028,-0.11466081210873347
0.4263060392718351,3149.953286,0.039661470079574546,0.185720018640821,0.2224873141861179,-0.10421442206074771
0.43443614809067177,3149.953286,0.03825599393488943,0.21854667945746464,0.2647007488896427,-0.1126851774907014
0.4442256017226606,3127.438107,0.05848609938878102,0.24775479020420832,0.2853433366995408,-0.06887991666992077
0.4536113200332696,3127.438107,0.06405088890618149,0.22944558594563946,0.32428634659195277,-0.09079934170561454
0.4637690154253777,3240.921044,0.06751939833649345,0.2469566761376225,0.358633192053708,-0.08246581190209257
0.47119979012682395,3240.921044,0.060721823099704864,0.25919307376906175,0.40278479240870046,-0.07686380819009919
0.4719403233014431,3081.911502,0.040406847136947865,0.22984505854327653,0.38158304969225476,-0.05284323560876514
0.4723867849917593,2930.563169,0.018582029587460136,0.23634081603037882,0.3792008066910879,-0.08887430038126287
0.46605100824577,2930.563169,-0.01092696132073434,0.19868395367030844,0.33542024879081955,-0.09268830444801457
0.46998607706775936,2930.563169,-0.004140875736179717,0.19695427048094416,0.37548406304071524,-0.09048413027345004
0.4762715450614322,2930.563169,0.00822368489783365,0.19143643566918178,0.38215565882486136,-0.08103640032547232
0.4780902386394294,2889.235678,0.025832430743955248,0.16595111151502429,0.3883988382840966,-0.11263846691062185
0.4782699329895911,2889.235678,0.017625747497701738,0.1430140581709647,0.3923384362746789,-0.10535918270216638
0.48421743955059704,2889.235678,0.01668353814448409,0.15377733038881036,0.3919036596210834,-0.10183024210637082
0.4827080969270513,2889.235678,0.009658967940369578,0.13230414880247876,0.38651864210329845,-0.07227345570215005
0.48506287787995084,3179.300207,0.014203161064083814,0.11653433999859675,0.3830707271494669,-0.053602734053490475
0.4859310834488509,3179.300207,0.0035389966537435757,0.09388356178585999,0.3515600536865122,-0.03778277162600574
0.48959273433958767,3179.300207,0.014262527304522932,0.07932212605205491,0.37325497276872466,-0.020142967312550164
0.4919196039407002,3179.300207,0.014135746876194455,0.060699588758645895,0.3817191981554695,-0.021683832205738107
0.48318441135713125,2881.613122,-0.005652390195386103,0.02543426691060624,0.30959902344852686,-0.03018569811808769
0.4824596274630565,2881.613122,-0.014569470452115763,0.022289479500344322,0.2972109680076922,-0.015834556455934345
0.4846403457632266,2881.613122,-0.014797658233500877,0.025939677316928034,0.29511043816434457,-0.00493486049892311
0.4786838799838996,2881.613122,-0.009314314095090315,0.027106199782036988,0.24741831824041038,0.0015568038462534517
0.48588938019238087,2792.303848,0.007108890638910514,0.03383781754523918,0.27168009752436806,0.027526278836359275
0.48798175970106134,2768.971652,0.006894626019161798,0.024587264893431104,0.25508988219804274,0.051474993746773556
0.48683501009707236,2768.971652,0.01702821100523977,0.018291047904531954,0.2398649083200648,0.07126055301861456
0.48454515307336515,2768.971652,-0.0027665291192071617,0.013120666073546783,0.21213361596910896,0.07991506598342357
0.4795463950500929,2768.971652,-0.017286229420001242,-0.009646584610499276,0.16950233897866074,0.11103721442796899
0.47617098345075864,2574.513384,-0.021904806402866073,-0.013542580946763305,0.13799779295169734,0.11697845707968035
0.4713543566822323,2574.513384,-0.02722304888918292,-0.028261328217145665,0.12312760115517118,0.13659512394165874
0.4664137979713247,2574.513384,-0.02738545678650417,-0.040164719118200964,0.09408207955016756,0.1542283569193763
0.4632966980612085,2594.700959,-0.02703710607532539,-0.05371002148111925,0.06643220205633815,0.19153530651898953
0.46037829196778307,2594.700959,-0.023286227354951228,-0.06411883511094907,0.03636145729215956,0.20776600675454704
0.46075541062073655,2599.93357,-0.012131689446580274,-0.04641913151419319,0.015749365749829547,0.2734236215984953
0.4597513408100922,2771.89051,-0.007652455253734369,-0.047067744864730865,-0.008663094087043244,0.30903860580044173
0.4581338607310129,2771.89051,-0.004875189112798606,-0.054693104410179605,-0.02772906454880708,0.31207699172987957
0.4587871611496896,2771.89051,-0.004271788080351113,-0.041565466618343705,-0.027870392721988657,0.34327793320007327
0.4613506527827128,2771.89051,0.003478645586552531,-0.05050270372230059,-0.02336249141524782,0.41551824856333064
0.4635617275451688,2785.338957,0.011847774808644296,-0.05004291998711652,-0.005341219429973898,0.4469348531700337
0.46448996330530906,2785.338957,0.012430169452276374,-0.04589860287021641,-0.011694205489533926,0.4428584377206315
0.4658111413977983,2629.483121,0.009668326224708368,-0.03866308755074954,-0.02196310859235706,0.4748305466198173
0.46647626566842587,2629.483121,0.006287270820849011,-0.027255192649924376,-0.02429242856757563,0.5500314871662526
0.46575219000609647,2919.294962,0.0027174466630137672,-0.021880361901009393,-0.026172966603290604,0.5038072153058706
0.4658775738758951,2919.294962,0.0001426167650209198,-0.011619247236595243,-0.03787526878776437,0.5209878068619884
0.46850017313535236,2977.27604,0.004338714776895181,0.004473227792793466,-0.029433779715209774,0.4711205479716212
0.4632719808311737,2977.27604,-0.005325169109543615,-5.335075803092337e-05,-0.044923860477672384,0.4450777623525637
0.4601513833888366,2953.315776,-0.012291191523599587,-0.0004928741926049085,-0.05305217331858103,0.4302443721127476
0.4615453616233446,2953.315776,-0.014844842992189244,0.00171446929194774,-0.05728715062341805,0.39650042141148023
0.45799999371573996,2953.315776,-0.011379896332118111,-0.003809335479623255,-0.0689535646744609,0.3772265936884329
0.45651945722779114,2836.906337,-0.007892894147786156,-0.0035238685493488298,-0.05518587417678822,0.3738010623134529
0.45623177809423654,2619.356138,-0.011512592197696736,-0.005569866098801501,-0.05436278576662523,0.36698742256097283
0.4501735660459025,2619.356138,-0.017088270255948945,-0.024226879640017573,-0.07111826330316107,0.34828622896228634
0.4550201771208147,2619.356138,-0.0032841537928761655,-0.018425918096359184,-0.04943492741782074,0.3607408318241099
0.4466387616474575,2668.705979,-0.02102662924281773,-0.03843183506231751,-0.08078097638063753,0.3208024801707534
0.44203080820499896,2668.705979,-0.018088040824843166,-0.051051447849529086,-0.09416530553152647,0.30193144633566305
0.4439084684890508,2558.359874,-0.024420254728206414,-0.04837930424399428,-0.08817472186205799,0.29195691131160495
0.440605977578732,2558.359874,-0.013507076829770037,-0.053990540392381936,-0.09068128164307598,0.2929530263630662
0.4408473350900219,2498.658865,-0.0026773543676353873,-0.05372707378385433,-0.08069930325725527,0.2967855979970839
0.4414439571709038,2576.627154,-0.005551845691377677,-0.05775070643705371,-0.07292974054864054,0.30227241439980856
0.443564477901908,2576.627154,0.0067146168543466,-0.04253981191331224,-0.05895750911465336,0.28802277664350995
0.4416300236562953,2576.627154,0.0017754186176799358,-0.0402505792683675,-0.053136880647242646,0.2664308073273056
0.4449409976774722,2576.627154,0.007921822124330458,-0.03597558404112566,-0.03961975222476377,0.29528174726601786
0.4413113881364561,2731.037685,-0.005079509017740125,-0.03643800394818719,-0.041415731723209226,0.276911213471565
0.4355041133085058,2611.464723,-0.013871136516200866,-0.04603384058787052,-0.05480412542136359,0.2714236300293149
0.4301670801422977,2611.464723,-0.03320421721597289,-0.05713038679772775,-0.0643483945379395,0.2601947386978718
0.4254862067195693,2611.464723,-0.03585944492326021,-0.054839646723761404,-0.07126225937403963,0.2666932215849023
0.42716671937952344,2611.464723,-0.019144236929574676,-0.06121367610011663,-0.06892181047727552,0.25051043479164603
0.42143807126720806,2579.458136,-0.020292135958433044,-0.05642298104019228,-0.08651246351287334,0.23044874735902976
0.4210534579417076,2579.458136,-0.01041807867765554,-0.04745676064633653,-0.09169926479601187,0.20648449120451717
0.41746075851535214,2579.458136,-0.022721715957342403,-0.05957919672882073,-0.10124913024018267,0.22176091654725694
0.4098935246936754,2579.458136,-0.02739322182929449,-0.06970502999943651,-0.12004353639186527,0.189524464657985
0.4112685312574388,2591.542041,-0.02323915526570386,-0.0670953445290603,-0.118350575311433,0.1943451358589241
0.40883913938507804,2591.542041,-0.020652525906712293,-0.07385947243401247,-0.12219599143543147,0.19021165403616092
0.40332666817012625,2591.542041,-0.016020883785506812,-0.09071468013423778,-0.13426468500162614,0.15937969101196714
0.4025266988518136,2591.542041,-0.021255777530309383,-0.08854317575771165,-0.14081846297307277,0.15620760342597628
0.4028198326364747,2771.759457,-0.014722921972824765,-0.09466685529286778,-0.13048954112493383,0.14856927677042386
0.4015294598719051,2771.759457,-0.004455961978351186,-0.09014480327040686,-0.12739703852502582,0.11680688234530678
0.40236109361563266,2771.759457,-0.00041141429041424704,-0.07610265593380294,-0.12823066361137148,0.12857960076073804
0.4064903415675824,2771.759457,0.00911203628451962,-0.055040796164325556,-0.11246649094962058,0.14176280902277094
0.4098785744767987,2945.74591,0.020793280292701555,-0.03668187592519856,-0.10216625384210043,0.11091452507673649
0.4186801989672467,2945.74591,0.04055835817765052,-0.019866998123364454,-0.08230811821975592,0.125724341006219
0.42757577357719234,2945.74591,0.051871913926162305,0.0145637110845942,-0.0501979551291688,0.1426160704675572
0.4257701629159497,2945.74591,0.03877145434946505,0.011202152328351422,-0.06428289485962435,0.10952869480255623
0.42958261972011924,2860.641961,0.026039972226452157,0.02903712734072772,-0.03818777811497043,0.12431283746962829
0.4330659730856048,2860.641961,0.012840296030994125,0.056532848156717774,-0.020281018772873805,0.11384638941620318
0.4307542509414929,2860.641961,0.011706052841770065,0.047379554240333466,-0.029632724945147904,0.09703917913701399
0.43548026969040937,2860.641961,0.013728790922995282,0.06516286661155135,-0.01163331445589999,0.08939336331182979
0.44135598254391467,2969.784984,0.019142601759365663,0.0942891144449376,0.0011537950065840796,0.07636478813153191
0.443304086351449,2969.784984,0.02913455963005851,0.10130355977864536,0.004213738007574852,0.059449419237000534
0.44188308445763985,2969.784984,0.014702881422807845,0.09697449990357798,-0.0037906404323025944,0.05290442657886785
0.4485277533898632,2969.784984,0.016249402137049174,0.11704818254917448,0.015618797101838888,0.052126200595198346
0.44859625699923794,3106.657024,0.011938014583500411,0.11490962748941325,0.0082151551348284,0.03259422350280761
0.45129753485040885,3106.657024,0.02130529708853679,0.11022941679261744,0.022628345840159936,0.015919688330262804
0.45835119071554586,3106.657024,0.021901515015379847,0.11826091739638112,0.052461220706899514,0.010449189587968366
0.463278868290728,3106.657024,0.03273012438780776,0.10652204100765283,0.07697424948807585,-0.0010568777092624382
0.47237743513633834,3140.875711,0.04670954006632644,0.10478063615327282,0.11020622449383932,0.002499247737774768
0.4733454587846486,3140.875711,0.032713492127498967,0.11173938432621133,0.10810472190390108,0.002977358394332441
0.4846799469479444,3140.875711,0.04619480861748748,0.12825781281310222,0.15006208501898377,0.026023509434963454
0.4857742727663728,3140.875711,0.028360452116362955,0.12170963076415409,0.15371163353235162,0.04231996964203932
0.4951448681705154,3328.934125,0.04605391048186758,0.14948341679341515,0.1860872143562362,0.0535309285324399
0.5006828279781869,3328.934125,0.03301741929084012,0.14972563127631733,0.22149484638080286,0.05125496824213149
0.5034036522361182,3328.934125,0.03629129918583396,0.1405841818084561,0.22402667351421113,0.05294693668861927
0.5092664002872253,3328.934125,0.028520000962317882,0.14879699052329887,0.24564003596425876,0.06480956706577823
0.5128109001851006,3383.788762,0.02422306404213659,0.16051262929540822,0.27145299494253394,0.0590508690910454
0.5147235796647393,3383.788762,0.02248678049580688,0.1475846829423244,0.2787315254688978,0.06632472697578606
0.5163138410398845,3383.788762,0.013838416884924154,0.15095441164316625,0.28174880978572037,0.06442662299065494
0.5229275969602003,3383.788762,0.019727928504343684,0.15872026009079487,0.3023393031411028,0.07613530965907778
0.5243541716069852,3451.196091,0.0187102210248824,0.14400089326352594,0.3031930271764547,0.07100072127150181
0.5230022368892441,3451.196091,0.012954128512008722,0.12891451064639758,0.2866289390108192,0.06318640830644928
0.5280044875728449,3451.196091,0.009708591862729765,0.11775975797923421,0.28819733563002514,0.09275977279529046
0.5240681555342356,3451.196091,-0.0005454635211026293,0.1071578818561425,0.25171469017868064,0.08624250756477059
0.5238071207440178,3521.584725,0.0015389682835031948,0.0807278577181898,0.22506267453306106,0.08081616671659919
0.5241655278051287,3521.584725,-0.007270695340797828,0.07903105864402105,0.23109971871984603,0.09501395330621709
0.5303146108975109,3521.584725,0.011919166042263507,0.0710291976910562,0.23448805085042856,0.09143075052914407
0.53327080172763,3521.584725,0.01806711021829921,0.06508706096639472,0.23138467316668532,0.09280888296790613
0.5339024554865441,3422.969884,0.01857605501488724,0.06058518470207819,0.23945951623135886,0.09668048602356416
0.5310290413660812,3422.969884,0.0013471823213795364,0.04273331416834458,0.21941010494826574,0.09593303740194026
0.5278961654872674,3422.969884,-0.010078624636770783,0.02941681874687485,0.19607796510324182,0.10082396810036265
0.5312967430693284,3422.969884,-0.00488050277806118,0.03219818181903378,0.19849277150159028,0.11576883416767525
0.5319817807295197,3232.834989,0.001794137964634901,0.030345767330349105,0.2038971380460639,0.1286238754087934
0.5326071737858618,3232.834989,0.008924119185912183,0.018510357613423345,0.18745645004249312,0.14191984907489097
0.5300325954896564,3232.834989,-0.0023793625618122594,0.010829367229536091,0.18153592951302056,0.1440457005364435
0.5265710007632474,3232.834989,-0.010170987357597916,0.006823611109638694,0.1667934347077462,0.1437789529835094
0.5229118795168304,3265.938068,-0.018203461662214537,-0.009645009040404995,0.14085419675794197,0.1349012240840659
0.5181921403774774,3265.938068,-0.022339107467986064,-0.011212311022348098,0.11853178688972466,0.12711392959596624
0.5134557007578995,3265.938068,-0.024906992573342834,-0.019761892452731744,0.08696068560028714,0.12075475045353179
0.5150288119058417,3265.938068,-0.015075327067100908,-0.017430974405252764,0.08806116621086502,0.12258767358531641
0.5110010311820061,2992.702106,-0.01387730271291443,-0.036419097868750416,0.05430611354937831,0.10761961232702033
0.5042010737899107,2992.702106,-0.018024197519529328,-0.05451213125403165,0.03793284670800201,0.08766760461427903
0.49559262169769264,2992.702106,-0.03773806388855472,-0.07175436897726917,0.0009042879285645622,0.06696088365625208
0.4915559793663158,2992.702106,-0.038052862184468794,-0.07433315115538741,-0.0182288029504154,0.055268832538575285
0.4849620723219959,3121.399823,-0.038157398839517964,-0.08133056455456866,-0.03663378251668381,0.03962861138729368
0.4780938766228842,3121.399823,-0.03530872799289275,-0.10013776131788144,-0.06121064269458931,0.026498397391596207
0.4804875215056273,3121.399823,-0.022517186903020292,-0.09679703532943762,-0.06303176993274917,0.03136005776836148
0.4745531248841691,3121.399823,-0.021463425764387645,-0.10899975020808417,-0.07804277163042506,0.012919849545216744
0.47710945158158263,3023.417212,-0.002059062224882058,-0.09984884770941715,-0.07593131607578463,0.029868999902784132
0.4705493457186737,3045.428075,-0.020683525257454982,-0.10638955613463741,-0.10016348639085704,0.022596829446127398
0.4642401336844617,3045.428075,-0.02173200566791056,-0.11220197538174359,-0.11464395856390786,0.0058385855111600105
0.4615366284724968,3045.428075,-0.03263993839875323,-0.10933302049643179,-0.11752456123770616,0.007721910055203729
0.45657577500949426,2995.719421,-0.02969629186889522,-0.11077864295682405,-0.13528050280727233,0.00012336337654716978
0.4530190235750673,2995.719421,-0.024170917797084024,-0.12040062011542596,-0.13557231289266325,-0.007041934984427289
0.45154854333620037,2995.719421,-0.02164093707871695,-0.11634514260819606,-0.13794882609686754,0.0030543270285170454
0.44773555972682216,2995.719421,-0.019361989326937556,-0.11199007102197589,-0.1458126565444824,-0.016009438174998558
0.4428762927260167,3104.688448,-0.022389194098313414,-0.10637028612551147,-0.16488008509422836,-0.008423964161916264
0.43855482707664933,3104.688448,-0.02877590117675688,-0.10782322769828234,-0.17761327705197927,-0.00786366258601956
0.4376529653268528,3104.688448,-0.022519083376180915,-0.09755217922223758,-0.180275421419404,-0.014091876155213012
0.4445621881645497,3104.688448,0.003806696059876824,-0.07013620148242139,-0.16282885956499493,0.008979021591033032
0.44765639912562155,3079.676478,0.020753555740435248,-0.068328772154432,-0.15199914605854659,0.01544540137507977
0.4414365843908961,2987.488876,0.00864524946430456,-0.0697846853318187,-0.16913365242803025,-1.6701508510630347e-05
0.444499438636841,2987.488876,-0.00014114904366413494,-0.06834912374223956,-0.16444612440056128,0.0021078350082393005
0.43800741394693127,2987.488876,-0.021554444876778267,-0.06915732019994814,-0.1776163831337445,-0.008202815740134928
0.44147583453073014,2967.085285,8.89145603737429e-05,-0.04903561217997621,-0.1670779527759335,-0.007787916071635759
0.43947454236222205,2967.085285,-0.011304617819156149,-0.047801376422260455,-0.16540306677500638,-0.004162244219417466
0.4361304556876036,2940.687978,-0.004285220294364844,-0.04477968486493944,-0.16595802701864915,0.001438200834291914
0.43637322069746654,2940.687978,-0.011558081856705593,-0.03674415865858771,-0.15789301555289859,0.014427279170493135
0.4318571051040136,2922.901865,-0.017333056921258527,-0.04360868509662208,-0.15892042007409823,0.014973219539977212
0.42395472952396746,3008.336347,-0.027917624199025215,-0.05311356153476876,-0.17683298541077452,-0.007519288628621501
0.41774965525709534,3008.336347,-0.042678066748928045,-0.056735115158818905,-0.18248764725427125,-0.008751976296356268
0.4242834452074076,3008.336347,-0.017537421075385362,-0.032541841950236794,-0.15850348747135568,0.007671204700442358
0.4224309815962141,3008.336347,-0.003594128857730361,-0.03478094503317364,-0.14762455472169345,0.011905844991366266
0.4186590795352562,2806.748836,0.00217695997283629,-0.05826655824292848,-0.1482982669136358,0.021384955637275604
0.41581316130979507,2889.592223,-0.019963738847910695,-0.07113321261133276,-0.14258622469405946,0.011050274229494894
0.41840207998493606,2889.592223,-0.009537419807738257,-0.052180777988176,-0.12485371504775089,0.023390472385401484
0.4211275236889051,2889.592223,0.005896072184530254,-0.052580302507492904,-0.1235411850670236,0.04413508186686599
0.42349419011534645,2889.592223,0.01847230804661515,-0.033134653363066646,-0.10759371731307288,0.052089690754281825
0.4141868668008514,2932.455084,-0.010074551216945227,-0.06181304976496782,-0.13188291401930408,0.028218655695224637
0.4129583270513415,2817.489882,-0.019398391646323176,-0.06033618049489986,-0.12239102910529598,0.028463334130159224
0.4111395975613681,2817.489882,-0.029172991843437912,-0.057301336791155566,-0.11438161475109643,0.02181747709961579
0.40622060963282763,2817.489882,-0.019233485671708017,-0.0690982160097845,-0.11985185016136912,-0.0006635629612122829
0.40879245823323074,2817.489882,-0.010087867334838463,-0.053408052335338296,-0.10465583018562452,-0.002649848787422915
0.40717417123972344,2832.513107,-0.009644963280513896,-0.03958101447078055,-0.10119851474128472,-0.027481662032035503
0.40818122715557964,2832.513107,0.004826484615155779,-0.022904694189698427,-0.09604131564727825,-0.04535932019570166
0.41100129576007605,2832.513107,0.00540332259648757,-0.03130489675560788,-0.0820445532384313,-0.03468741692636912
0.4089571699722855,2861.372376,0.004378958338966621,-0.03189588882192296,-0.07658825570669037,-0.0480127658825481
0.4124765923299647,2861.372376,0.010523181588524722,-0.01476735488969827,-0.05946402396370554,-0.047543289095054675
0.4080101754976516,2861.372376,-0.00727764192785052,-0.018765605657032003,-0.0677312669572867,-0.052800582685208375
0.40735880614612024,2786.047248,-0.003908389297279102,-0.026393926720472805,-0.08368543931284367,-0.06457574659876364
0.4050506470604392,2786.047248,-0.018003313176096603,-0.03817579171182883,-0.0951751212501406,-0.08225862324153066
0.40405969126054675,2942.052313,-0.009682317928189965,-0.045890827568393244,-0.08467103645685103,-0.08852703211896296
0.3978384930439524,2942.052313,-0.023370829250596525,-0.03947100950634341,-0.10497413840607994,-0.09967476231353611
0.3937657229599271,2942.052313,-0.027860526041396994,-0.04647588590465268,-0.10100671718850052,-0.1220928471338909
0.3927278436311627,2942.052313,-0.028044984131012973,-0.0447822443749345,-0.11042051928252072,-0.12454052501862523
0.3904238525629334,2699.707247,-0.01863731290626991,-0.03888713840534219,-0.11161213010345494,-0.13488591801781769
0.3900899099023831,2699.707247,-0.009335025481428394,-0.045750717642097816,-0.10556599564374136,-0.14892790112882215
0.3878713180200354,2699.707247,-0.01236613519994878,-0.04740687053139114,-0.11114775237561392,-0.16276924209582344
0.39446256734322716,2699.707247,0.010344436575228766,-0.033609237514305335,-0.0865900718520769,-0.1649419764740102
0.3985475195569523,2517.829922,0.021681180260944455,-0.030301063114880566,-0.05992906364210948,-0.158019767253595
0.39747144043294413,2517.829922,0.02475079225222032,-0.028085409384360993,-0.04854154771635033,-0.17993009008141747
0.3899836510692651,2517.829922,-0.011354477318667677,-0.05453143688383211,-0.08084169798653185,-0.19719163213729318
0.38555101603045056,2517.829922,-0.03260967109003554,-0.055045586644518196,-0.08730412108128882,-0.2213369443674078
0.3901116675007018,2344.797716,-0.018516482402422985,-0.04233893654733434,-0.06818772941994766,-0.22084072849868597
0.39030477769235816,2344.797716,0.000823436116392573,-0.03640500138710001,-0.061345782170738605,-0.22466836313438532
0.3883745268575964,2344.797716,0.007323313153771549,-0.03881892884196714,-0.07176721762095628,-0.23738435004046232
0.3766366128375986,2344.797716,-0.03454153204243493,-0.05329268177177493,-0.10564712194915282,-0.26554483786976735
0.37714048549262014,1966.699171,-0.03372823739840114,-0.04222113936768157,-0.10945534957658098,-0.2672951067478445
0.3781541657888876,1966.699171,-0.026315734843382788,-0.037108847968422176,-0.08699624227653024,-0.2675885561633129
0.3797358839090118,1966.699171,0.008228809854844421,-0.027375296319014586,-0.08044986858492209,-0.2738270343419774
0.3794789523700117,1966.699171,0.00620051934847865,-0.027201312474415706,-0.07700704427194116,-0.27629267979879935
0.38638212529068156,2064.229358,0.021758214628230244,-0.0038393989453917587,-0.048836725345071885,-0.2612228054915461
0.38317316192121015,2064.229358,0.009051759809515225,-0.028619712886961857,-0.06267066770934371,-0.2742994218049206
0.3849584546424892,2064.229358,0.014439542004254902,-0.03409647343827271,-0.054560721593892025,-0.265442002958447
0.37398021027538253,2064.229358,-0.03209753817148986,-0.05910168069427546,-0.08378880410186351,-0.2860345049449128
0.3736693166700142,2025.888698,-0.02480300343464603,-0.0418333803340728,-0.09083177954712474,-0.28711581199415526
0.36961196218627074,2025.888698,-0.039865321234393236,-0.04134097222278088,-0.09620862690506471,-0.3030326628928157
0.36687482650311326,2025.888698,-0.018999357658623595,-0.05956458863806413,-0.11055600893437334,-0.31202903793990966
0.3706407254391789,2025.888698,-0.008105003798076882,-0.050381274780803786,-0.09158950512176078,-0.3057894346984884
0.36083777812987894,1915.177123,-0.023738907162236145,-0.07090256137682849,-0.11420160142445557,-0.3204933251830867
0.3594005678995901,1915.177123,-0.02037277584500541,-0.045763062725504344,-0.11270215093382507,-0.3191832193593407
0.36101572821409655,1915.177123,-0.025968536548911403,-0.04275530710382758,-0.10652872329869323,-0.3205007692528091
0.3612348491198544,1915.177123,0.0011004141307857651,-0.04474184922368085,-0.09200629040200525,-0.3209638709346697
0.36633941282328114,1963.99094,0.019306716637213617,-0.03527839125401322,-0.06965133971155002,-0.3121770962653794
0.360943814121075,1963.99094,-0.00019919933510181842,-0.04884365294353399,-0.08093143897364763,-0.31901581677702906
0.3696757978186724,1963.99094,0.023366927967731543,-0.043237837307925964,-0.05314238514901337,-0.2979564061012865
0.37213458090577517,2046.64635,0.015819122594078028,-0.02880833553187312,-0.04602869374678553,-0.2883416967890903
0.36995009005392326,2046.64635,0.024952016298656288,-0.03898697225004233,-0.04620405565844499,-0.28607545111658217
0.36967695509366033,2046.64635,3.1305132626169296e-06,-0.011506638756509258,-0.06283387652344852,-0.28002171453547176
0.3659283123099574,2046.64635,-0.01667748420668591,-0.02071618946142373,-0.08184521455121885,-0.28949933702571784
0.3632843247023706,1979.770545,-0.018018012512393433,-0.01711967720544516,-0.08601150234425736,-0.28907320624764543
0.3646173046331563,1979.770545,-0.01368668073784085,-0.00615338449758096,-0.06504464063187987,-0.2768414753811411
0.37551994450968146,1979.770545,0.02621177940339181,0.013164282108289793,-0.026017494711975675,-0.24228100244247486
0.37449857967045275,1979.770545,0.030869085742330604,0.03785856794533515,-0.04002209913452792,-0.23813645771691427
0.37541591152773784,1807.969474,0.02961627645579279,0.044561264111920185,-0.03814676892414537,-0.22588603737556545
0.37723516841834115,1807.969474,0.004567597363967613,0.04492723983101876,-0.028682000669265406,-0.21096005018298825
0.3744283723608494,1807.969474,-0.00018747016254405668,0.03652339543967287,-0.005863053143219887,-0.2207323695159391
0.3691346889568594,1807.969474,-0.016731370136436885,0.007630290478536805,-0.02122762430372216,-0.2221425387369237
0.3735544475947327,1798.694855,-0.009757098838480083,0.034937940422571145,-0.012163605773214625,-0.21704664127606932
0.370746290243761,1798.694855,-0.009833875819484805,0.0028957600995391797,-0.023673279366468347,-0.21209902082104204
0.3709529376228383,1798.694855,0.004925705224608112,-0.0031753116844468465,-0.02246768811267319,-0.20094599603279784
0.3642526400662389,1814.98316,-0.02490080786987514,-0.015400590892825305,-0.057273573946502454,-0.21078281203428928
0.3665580555359558,1995.936484,-0.011296767676492458,-0.008436824407716648,-0.043361874046572324,-0.1971583347181891
0.3644347876756536,1995.936484,-0.017571366300411784,-0.004081467828700558,-0.05331397900039858,-0.19554197790710404
0.3714859554914386,1995.936484,0.019857962934419104,0.02257634098522532,-0.006669483345408289,-0.17730671270298215
0.36667703034345933,1944.078767,0.00032457289017862045,0.005649007011270024,-0.018712497961746566,-0.18104108021444454
0.36939708906384755,1944.078767,0.013616431679980945,-0.016305007324786902,-0.000581347857770087,-0.16591360808655142
0.36828276609011235,1944.078767,-0.008622639305673752,-0.016597696006778295,0.0038376565664615114,-0.1602355205048399
0.36690066468214333,1944.078767,0.0006098945943642242,-0.02268216818765645,-0.010090798178219451,-0.16166302127501753
0.37267306023471247,1833.089841,0.00886842714209557,-0.012093538899770495,0.0327994539988925,-0.1617076976938674
0.3699149355625167,1833.089841,0.004431837768930524,-0.012054206175334814,0.029255289507122084,-0.1736632464429242
0.36570514217671163,1833.089841,-0.003258436466631709,-0.009290773483899284,0.012989500445903301,-0.1715567872986341
0.3626649917080557,1833.089841,-0.026854821543455754,-0.029150920185244122,0.003959038259143233,-0.18410472503576003
0.36005258586694533,1804.26167,-0.026661128674283052,-0.028843725906966378,-0.017161208257350458,-0.17797604697492841
0.3604058697952637,1804.26167,-0.014490560208987424,-0.02843236097593127,-0.0014903824494714168,-0.18363398037774903
0.35748308371429677,1804.26167,-0.014288415237857732,-0.018584783217250322,-0.032982181079531214,-0.186567026629603
0.35389798564262165,1804.26167,-0.017093614838244897,-0.034537693830854255,-0.049005376546209845,-0.1885501665214694
0.35802285124632605,1805.331395,-0.006612041447303207,-0.017594194204737068,-0.032240129488436464,-0.1795489863605999
0.35124835848175423,1860.181307,-0.017440616120245278,-0.05447742158357527,-0.0498505420962394,-0.1866560620852692
0.35262577803910766,1860.181307,-0.0035948427375303016,-0.03832051408071602,-0.03635284241024217,-0.16824662285275283
0.3565895237309716,1860.181307,-0.00400345260187962,-0.03467153833110548,-0.01842854347454681,-0.14640378694863088
0.3546821344566021,1818.387712,0.009775920347899092,-0.036929861741568426,-0.027248213538712873,-0.16404437066070632
0.3511655089840246,1818.387712,-0.0041411296224665994,-0.04288669172008874,-0.06485523840140262,-0.1687032337043629
0.36082958219997313,1794.539626,0.011890586197368158,-0.031779807285453376,-0.03649946411681426,-0.1381302834742728
0.36272479120784945,1794.539626,0.02267567483648203,-0.019437291288964764,-0.03380549393402765,-0.12767361652218834
0.3613048842135461,1794.539626,0.028873494036633307,-0.012032256196822244,-0.042229053753357615,-0.13646489466172262
0.3651725408851144,1788.418287,0.012036038338825605,0.0069142300315472305,-0.024719898808348906,-0.1328694508343884
0.368181370294242,1788.418287,0.015043303404276731,0.022576658928095128,-0.002582576742682696,-0.13061057533289644
0.36273984889694955,1788.418287,0.003971617174583608,0.0064759741649371705,-0.02895052854387603,-0.12421209368919595
0.3622817315306266,1663.844367,-0.00791628348473572,0.01342342626809434,-0.022831135296240035,-0.12271600353130663
0.3625557441070129,1663.844367,-0.015279497120490482,0.02446399475450578,-0.02263681632941572,-0.11816875276068095
0.3635671556526283,1530.038617,0.002280716491983137,0.015485895347187473,-0.0018818927804776786,-0.1050007138208785
0.3608814129931277,1530.038617,-0.003865275048737904,0.027425194392399987,-0.015486339631871071,-0.1172013922350007
0.357871782501824,1530.038617,-0.012919286706450261,0.014876973804605287,-0.01800872308510426,-0.12108427356231466
0.353405500524986,1530.038617,-0.02794987107512903,-0.008929099129641793,-0.04867062859088167,-0.1341946248050151
0.3575851052469545,1205.595286,-0.009134046884913816,0.008184711064739503,-0.024795458521054803,-0.12996599053133762
0.36040145001878554,1205.595286,0.007068642012725945,0.026300820548925463,-0.02435221963405121,-0.11873057503011986
0.35842675448574834,1205.595286,0.014208194137621755,-0.0066591760563942115,-0.026762076621180797,-0.13103734575313464
0.3686620470093217,1205.595286,0.030977078183156648,0.01636848637144861,0.004800706285730705,-0.09643908620743791
0.36768576302795003,1230.364335,0.020211663989655904,0.017660649200171186,-0.013382499941426929,-0.0973909058048924
0.370245614332652,1230.364335,0.03297426796127634,0.013892264284826483,0.000893931924193403,-0.08592760678294575
0.3687048529772594,1230.364335,0.00011611167540825917,0.001421806547677873,0.008202539298991507,-0.08749904790797292
0.37357167005381064,1087.813924,0.016007981863070286,0.02986112827085141,0.030073700509076984,-0.06099666928775749
0.3756635505435687,1087.813924,0.01463335688845957,0.036937603661118645,0.04335745746426123,-0.0459719354957685
0.37073984774502844,1087.813924,0.005519305621655368,0.02257336636100815,0.028673167714041936,-0.05598787109880776
0.372132858457614,1125.754092,-0.0038515008271087225,0.023560166730709486,0.040980330009196875,-0.04684906924935128
0.37768730509157,1125.754092,0.005387146410858801,0.04656901545317971,0.06722083881249219,-0.03179422101411644
0.3739668261518737,1125.754092,0.008704158526451566,0.044974330017113484,0.04453340017276708,-0.035848208470633636
0.37802531108763887,1124.561392,0.01583427127195214,0.06966448039456097,0.07623367329494757,-0.0416700027236957
0.38053629091742275,1124.561392,0.007543239572646021,0.06418384136726751,0.07915051767775094,-0.04519217346918081
0.3764972293863921,1124.561392,0.006766384228666045,0.04466069536281703,0.05582807214055974,-0.052769102161669745
0.3895295939167437,1124.561392,0.030432572877210795,0.08677599828065308,0.09824983012896982,-0.0011642979167881817
0.3940605193404568,1144.480753,0.0355399176000506,0.0688936453783997,0.12215040845137115,0.022071017728388487
0.3875932323969738,1144.480753,0.029471672417525463,0.05414261679615384,0.07417254991628752,-0.006455677472716137
0.3845030079944419,1144.480753,-0.012904246559957477,0.03850793394943541,0.060040607409469926,-0.014864716061685601
0.38901497262513673,1244.286204,-0.012803989406918737,0.055085034774766006,0.07669447500525006,0.001649041642154847
0.3941195367173384,1244.286204,0.016838024441253374,0.05500381402199994,0.07926936609763024,0.046418545844554515
0.3924411306979519,1244.286204,0.020645151113160454,0.044661187198243635,0.06589078742447518,0.0405701477139111
0.40463609375180976,1201.237791,0.04015557812918913,0.0914286560048787,0.11549942743335717,0.07002944925299648
0.4099962450971282,1194.224508,0.04028399229337487,0.10174695885885288,0.13170554685412816,0.07968791591833613
0.4129641528634266,1194.224508,0.05229579817226271,0.09340225974315897,0.1390362987644047,0.08823994133083057
0.41240997242910105,1194.224508,0.019212024822628626,0.1027982793896669,0.13434331461761584,0.06736296902668126
0.4212589655135854,1194.224508,0.027470301377489514,0.11436708907548132,0.16730579726921935,0.0993958016302996
0.42031694996073116,1098.905518,0.01780492821549151,0.10453841063989588,0.17449033567934036,0.09185015913231309
0.42322088987746975,1098.905518,0.02621400589489209,0.12410094110712855,0.19755037555661303,0.1316665380925599
0.42570453640200134,1098.905518,0.01055305940609741,0.09286827766156724,0.19049851393559125,0.13925472981218645
0.4263045249632748,1068.81944,0.014245380784912554,0.08182500920616231,0.18286018255768433,0.1533840042450605
0.43008866094988885,1068.81944,0.016227391503305544,0.10963924289934757,0.1999345907281871,0.17230354845902496
0.4307857437781169,1068.81944,0.011935995371487484,0.12037028273220685,0.16851123480911068,0.1622730968586117
0.42607874482769753,1068.81944,-0.000529621719583484,0.09527595288286306,0.15881219147260994,0.18080414704897096
0.43407971111573146,1068.541503,0.009279598669325484,0.10139100114453958,0.172410136169032,0.20778805012073698
0.44326611642356295,1074.607318,0.028971183066527573,0.12950983408701178,0.20222479537285132,0.22783048432917208
0.44476737171183245,1074.607318,0.04386190841716919,0.09917869063019835,0.19058110495307767,0.2312415947561659
0.44079906409009,1074.607318,0.015479537058038284,0.07512951487071451,0.17338789843271485,0.20325318177743412
0.45547378315086195,1153.348315,0.027540265937299857,0.10293782158252829,0.22855362303570947,0.26189663136345587
0.4499596070943735,1134.01707,0.011674047407203014,0.09104928875532403,0.20913699735983937,0.21717356058856918
0.449790542639203,1134.01707,0.020398134391853562,0.06772930539491973,0.1909072308643034,0.20867709081056995
0.4586776140546902,1134.01707,0.0070340621619644494,0.09126604125182913,0.2265195252062655,0.23983647088134008
0.45540158966939676,1240.378406,0.012094380227071877,0.07603759776896624,0.20468544383743525,0.2318906639826046
0.4562339145924017,1240.378406,0.014325272193122185,0.07171494682304935,0.19892353365951498,0.2467849555350925
0.464383429074589,1240.378406,0.012439706768027525,0.08932324636853117,0.2334311990328115,0.27829195343081836
0.4634669605783787,1240.378406,0.017710458399666784,0.07760795077640714,0.18981193679840946,0.27110522372128143
0.4628616837610198,1216.849707,0.014527129519819493,0.07445914923179098,0.17459542644798876,0.23258881592928704
0.4566834034381043,1216.849707,-0.016581180882851654,0.07182864431029778,0.17825432764617588,0.21945296518873758
0.46237594961487566,1216.849707,-0.0023540210118571103,0.0651867336218348,0.20252882292551377,0.23163652742702867
0.4553004909216099,1097.449438,-0.016335750192089438,0.02714932193587183,0.17039323152311492,0.20694073362931253
0.4534233021162805,1097.449438,-0.007138646373571755,0.019461702802372693,0.15047151910531809,0.21097474333302113
0.45751652439464524,1097.449438,-0.010509684217524629,0.037925353446618404,0.16582205229344216,0.2394297747728471
0.44666498599921195,1112.920783,-0.018966605779225376,-0.019339855503236136,0.1038683718442115,0.19571588258479644
0.44743827672681896,1112.920783,-0.013199642280243173,-0.005603459350131623,0.09132286472726303,0.2068584056030176
0.44952887719918166,1112.920783,-0.01745870754292922,-0.0005817495372089088,0.08854212667666483,0.2118218555698148
0.45237716535663225,1234.099139,0.01278850936713094,-0.0137361155308241,0.09691131543721854,0.2419324271043526
0.44765642383217624,1234.099139,0.00048754681193829974,-0.01700733157924017,0.06266325581084775,0.22124290292200532
0.45718130311608984,1234.099139,0.017023213201757148,0.0020765412070133937,0.08770608265691604,0.25449413331797643
0.4616923398431988,1344.720284,0.020591610717625164,-0.0057949725655649376,0.09090158563975237,0.2428258269748751
0.4639780499823762,1344.720284,0.03646016293137966,0.0011027526177047609,0.08990628548114032,0.26535891694054814
0.4635802871175134,1344.720284,0.013996600381093627,0.0015525228847081962,0.08743928335606999,0.2549646460191435
0.4652107833243249,1542.629821,0.007620753427100446,0.0186724103000524,0.0816625165073308,0.2631891203144052
0.45899191120925004,1542.629821,-0.010746497109756725,-0.007318802823642279,0.065476093019599,0.25099776422288045
0.4642362281466255,1542.629821,0.001414945905466869,0.01962602150269621,0.08955500311182751,0.24569301535841048
0.4601031928179247,1576.825239,-0.010979088811962079,0.01473212927184564,0.0599509284488422,0.24380809906542944
0.46241989618973045,1576.825239,0.007468508478611469,0.010717365458161376,0.0432105659704094,0.2644610175218305
0.46022403148009183,1576.825239,-0.008642575532184615,0.030356186192986634,0.03475223397968552,0.269005947644847
0.4692627382534603,1536.124922,0.01990758938106363,0.04877647412352726,0.0645729006301905,0.3033172282975154
0.46474705683154066,1536.124922,0.005032570313227458,0.03385361965437417,0.020359621176280207,0.2895102321600651
0.46871951284691665,1552.496489,0.018459447542326535,0.03612549160698886,0.04169242184578703,0.31116557454092253
0.47233022417337095,1552.496489,0.006536819717089415,0.05511771757897255,0.05011150612886062,0.33465078450699703
0.46739964043587157,1601.207967,0.005707585589492803,0.022350733177701754,0.019015592027871175,0.30550225721288493
0.4722015201765626,1601.207967,0.0074287654646525425,0.02276230170275939,0.03689036421537728,0.34435224755958926
0.4734405977104657,1601.207967,0.0023508415940098892,0.020394386606109816,0.037714607721428095,0.3426148262421109
0.477641895314165,1450.482285,0.021913270769190252,0.030332627567243975,0.028550687663418728,0.339472596717455
0.4749431920329188,1438.988038,0.005806147882224222,0.02092042802414773,0.024761703488461073,0.3390671417960338
0.4776762961249067,1438.988038,0.00894663118229544,0.04070743832158441,0.032006564560517425,0.36025971772369414
0.48642056042662396,1723.548521,0.018379177368193167,0.0477867321311074,0.06511547554530295,0.34806175663570693
0.4879820826938569,1723.548521,0.02745357945889748,0.060592689446875125,0.05537946577954411,0.3453232161741937
0.49382613927893343,1723.548521,0.03380917848559872,0.06791715353942518,0.08461587265003967,0.36678511931508173
0.4940735235572909,1739.042177,0.015733222962357463,0.07355003164076046,0.08965181377155074,0.3529865152504157
0.4942292465247996,1696.785098,0.01280203526419621,0.05320368790469421,0.08024348886355548,0.3423526728954891
0.5020665874451858,1696.785098,0.016686942044592534,0.0803007357767358,0.12403390277399451,0.384095485985102
0.5028734706220931,1696.785098,0.017811007158293535,0.0728665157713011,0.12389461693086168,0.3880729467022026
